STN,YYYYMMDD,HH,DD,FH,FF,FX,T,SQ,Q,DR,RH,P,N
210,20130201,1,240,80,80,130,67,0,0,0,0,10090,5
210,20130201,2,240,80,80,130,69,0,0,0,0,10086,7
210,20130201,3,230,80,70,120,68,0,0,0,0,10079,3
210,20130201,4,240,80,80,110,68,0,0,0,0,10070,3
210,20130201,5,240,80,90,130,72,0,0,0,0,10061,3
210,20130201,6,240,90,90,140,72,0,0,0,0,10054,6
210,20130201,7,230,80,80,110,74,0,0,0,0,10041,7
210,20130201,8,220,70,70,100,70,0,1,0,-1,10034,8
210,20130201,9,220,60,60,100,60,0,7,10,3,10025,8
210,20130201,10,200,50,40,80,53,0,14,10,8,10017,8
210,20130201,11,210,40,40,80,49,0,13,10,11,10006,8
210,20130201,12,230,30,30,60,50,0,14,10,13,9991,8
210,20130201,13,230,20,10,40,48,0,20,10,13,9975,8
210,20130201,14,240,10,10,30,48,0,19,9,4,9961,8
210,20130201,15,340,50,50,80,40,0,10,8,2,9960,8
210,20130201,16,360,40,30,60,37,0,8,10,2,9954,8
210,20130201,17,320,30,30,40,37,0,1,0,-1,9955,8
210,20130201,18,340,30,30,60,31,0,0,0,0,9956,3
210,20130201,19,310,30,20,40,32,0,0,0,0,9955,6
210,20130201,20,310,30,40,50,49,0,0,0,-1,9956,7
210,20130201,21,320,40,40,70,43,0,0,0,-1,9958,5
210,20130201,22,300,30,30,50,49,0,0,0,0,9963,8
210,20130201,23,300,40,30,120,46,0,0,2,5,9965,7
210,20130201,24,310,40,40,60,55,0,0,0,0,9970,8
210,20130202,1,300,40,40,60,50,0,0,0,0,9970,7
210,20130202,2,300,50,60,110,52,0,0,0,-1,9973,8
210,20130202,3,310,60,70,100,51,0,0,0,-1,9977,7
210,20130202,4,330,50,60,90,49,0,0,0,-1,9984,8
210,20130202,5,350,60,80,130,46,0,0,6,5,9996,8
210,20130202,6,10,110,90,190,35,0,0,3,1,10016,8
210,20130202,7,360,80,80,160,39,0,0,1,1,10034,7
210,20130202,8,360,70,90,140,44,0,2,0,-1,10053,6
210,20130202,9,360,90,80,140,44,2,24,0,0,10069,2
210,20130202,10,360,80,70,130,48,8,64,0,0,10080,2
210,20130202,11,20,80,80,140,29,8,74,1,3,10095,7
210,20130202,12,340,60,80,140,55,8,100,0,-1,10104,2
210,20130202,13,340,80,80,130,41,10,100,0,0,10113,5
210,20130202,14,350,80,80,120,54,7,66,0,-1,10121,4
210,20130202,15,330,80,80,130,47,8,61,0,0,10130,5
210,20130202,16,330,80,70,140,42,8,23,0,0,10138,2
210,20130202,17,340,80,80,120,44,0,2,0,0,10147,3
210,20130202,18,330,80,80,120,48,0,0,0,0,10152,8
210,20130202,19,320,80,80,120,48,0,0,0,0,10158,6
210,20130202,20,330,80,70,130,44,0,0,0,0,10163,3
210,20130202,21,340,70,50,130,43,0,0,0,-1,10165,1
210,20130202,22,340,60,60,90,48,0,0,0,0,10174,7
210,20130202,23,330,50,50,90,45,0,0,1,1,10180,8
210,20130202,24,350,50,40,100,43,0,0,0,-1,10183,7
210,20130203,1,330,50,50,80,47,0,0,0,0,10192,8
210,20130203,2,330,60,50,90,40,0,0,2,1,10195,7
210,20130203,3,330,50,50,120,42,0,0,0,-1,10196,6
210,20130203,4,330,50,50,70,42,0,0,0,0,10198,7
210,20130203,5,310,50,40,90,40,0,0,0,-1,10198,7
210,20130203,6,270,40,40,70,35,0,0,0,-1,10183,7
210,20130203,7,270,40,70,100,42,0,0,0,0,10183,7
210,20130203,8,260,70,70,100,39,0,2,0,0,10183,4
210,20130203,9,250,80,90,130,40,2,24,0,0,10170,5
210,20130203,10,250,100,100,140,44,2,48,0,0,10166,7
210,20130203,11,240,110,110,150,47,0,57,0,0,10154,8
210,20130203,12,240,100,100,160,50,0,37,0,0,10144,8
210,20130203,13,230,110,110,170,53,0,28,0,0,10125,8
210,20130203,14,240,120,120,170,47,0,14,9,4,10116,8
210,20130203,15,250,120,110,160,55,0,4,4,1,10114,8
210,20130203,16,250,110,100,160,62,0,2,0,0,10112,8
210,20130203,17,250,100,100,150,64,0,0,0,0,10111,8
210,20130203,18,250,100,100,150,67,0,0,0,0,10113,8
210,20130203,19,250,90,90,140,66,0,0,0,0,10108,7
210,20130203,20,250,90,80,120,70,0,0,0,-1,10106,7
210,20130203,21,250,80,80,120,67,0,0,0,-1,10106,3
210,20130203,22,250,80,90,120,66,0,0,0,0,10100,8
210,20130203,23,250,90,80,130,68,0,0,0,0,10096,8
210,20130203,24,250,80,80,120,70,0,0,0,0,10093,8
210,20130204,1,240,90,90,120,72,0,0,0,0,10088,7
210,20130204,2,250,90,80,120,74,0,0,0,-1,10084,8
210,20130204,3,240,80,80,110,74,0,0,0,-1,10077,7
210,20130204,4,240,80,80,110,72,0,0,4,3,10071,8
210,20130204,5,240,80,90,120,72,0,0,0,0,10067,7
210,20130204,6,260,90,90,130,73,0,0,3,2,10068,8
210,20130204,7,250,100,100,140,73,0,0,7,7,10069,8
210,20130204,8,250,100,90,150,76,0,3,0,0,10074,7
210,20130204,9,250,90,90,120,77,0,4,0,-1,10078,8
210,20130204,10,280,90,90,120,80,0,13,3,3,10087,7
210,20130204,11,270,80,80,130,87,10,108,0,0,10094,0
210,20130204,12,290,80,90,120,90,10,125,0,0,10092,0
210,20130204,13,270,90,80,120,86,10,124,0,0,10096,0
210,20130204,14,260,90,80,120,81,10,106,0,0,10095,0
210,20130204,15,240,80,80,120,77,10,66,0,0,10093,0
210,20130204,16,240,100,100,140,75,7,27,0,0,10095,6
210,20130204,17,240,90,90,140,72,0,1,0,0,10095,7
210,20130204,18,240,90,90,120,71,0,0,0,0,10093,7
210,20130204,19,240,90,90,140,70,0,0,0,-1,10088,6
210,20130204,20,240,90,90,130,67,0,0,0,0,10084,7
210,20130204,21,250,90,90,150,66,0,0,0,0,10079,1
210,20130204,22,240,90,90,130,66,0,0,0,0,10071,6
210,20130204,23,240,90,100,150,68,0,0,0,0,10061,8
210,20130204,24,240,110,110,170,63,0,0,0,0,10052,4
210,20130205,1,230,110,110,160,65,0,0,0,0,10039,6
210,20130205,2,230,100,90,150,63,0,0,0,0,10024,7
210,20130205,3,230,100,100,140,63,0,0,0,0,10002,8
210,20130205,4,230,100,110,160,63,0,0,0,-1,9978,7
210,20130205,5,250,80,70,270,27,0,0,5,35,9978,7
210,20130205,6,280,90,110,150,43,0,0,0,0,9975,7
210,20130205,7,280,110,110,160,40,0,0,0,0,9975,6
210,20130205,8,280,120,120,180,40,0,3,4,1,9979,5
210,20130205,9,270,110,110,160,35,0,17,2,1,9980,8
210,20130205,10,270,120,120,170,41,3,53,0,-1,9982,3
210,20130205,11,270,110,100,150,41,7,66,0,0,9982,6
210,20130205,12,260,110,90,150,49,10,100,0,0,9976,4
210,20130205,13,250,100,80,160,38,3,55,0,0,9972,6
210,20130205,14,270,100,80,140,46,3,63,0,0,9967,6
210,20130205,15,260,90,80,130,36,2,33,0,0,9962,3
210,20130205,16,260,80,80,120,37,10,29,0,0,9955,2
210,20130205,17,260,80,80,120,39,0,2,0,0,9954,7
210,20130205,18,250,70,60,110,36,0,0,0,0,9949,7
210,20130205,19,210,40,30,80,35,0,0,0,0,9946,8
210,20130205,20,200,40,40,70,32,0,0,0,0,9942,7
210,20130205,21,180,50,50,90,33,0,0,0,-1,9935,4
210,20130205,22,200,60,60,110,23,0,0,2,1,9931,7
210,20130205,23,170,50,50,80,5,0,0,10,9,9921,8
210,20130205,24,160,60,60,90,4,0,0,10,11,9913,8
210,20130206,1,160,50,40,90,4,0,0,10,18,9908,8
210,20130206,2,120,30,20,60,4,0,0,10,9,9907,8
210,20130206,3,70,30,30,50,4,0,0,8,5,9910,8
210,20130206,4,50,50,60,100,7,0,0,0,0,9923,8
210,20130206,5,50,70,60,100,9,0,0,0,-1,9936,8
210,20130206,6,30,60,70,100,11,0,0,0,0,9954,7
210,20130206,7,40,60,60,90,11,0,0,0,0,9971,8
210,20130206,8,30,60,60,100,9,0,3,0,0,9990,7
210,20130206,9,10,40,40,80,14,7,34,0,0,10001,0
210,20130206,10,360,40,40,60,22,10,83,0,0,10010,0
210,20130206,11,340,40,40,70,42,10,114,0,0,10014,0
210,20130206,12,340,40,40,70,56,10,130,0,0,10018,3
210,20130206,13,330,60,60,80,61,10,126,0,0,10023,4
210,20130206,14,340,50,50,80,45,3,47,0,-1,10030,8
210,20130206,15,320,40,40,80,48,5,56,1,1,10035,6
210,20130206,16,320,30,30,50,42,8,26,0,0,10040,1
210,20130206,17,320,50,60,120,38,0,5,0,-1,10048,6
210,20130206,18,350,50,50,90,47,0,0,1,1,10056,7
210,20130206,19,350,70,70,120,50,0,0,0,0,10063,7
210,20130206,20,340,70,70,110,44,0,0,0,0,10070,3
210,20130206,21,340,70,70,100,44,0,0,0,0,10075,1
210,20130206,22,330,70,70,130,41,0,0,1,1,10080,7
210,20130206,23,340,50,70,110,45,0,0,0,0,10083,5
210,20130206,24,330,80,80,150,37,0,0,0,-1,10091,2
210,20130207,1,330,80,60,150,36,0,0,0,-1,10093,4
210,20130207,2,320,80,80,130,43,0,0,0,0,10093,7
210,20130207,3,330,90,90,170,44,0,0,0,-1,10095,8
210,20130207,4,350,90,70,160,34,0,0,2,5,10097,5
210,20130207,5,330,80,80,140,35,0,0,0,-1,10100,3
210,20130207,6,340,80,60,140,40,0,0,1,2,10105,6
210,20130207,7,340,70,60,120,30,0,0,0,-1,10110,5
210,20130207,8,340,60,70,120,31,0,1,0,-1,10115,7
210,20130207,9,330,80,80,150,39,3,23,3,4,10119,6
210,20130207,10,330,70,70,110,44,5,54,0,0,10122,3
210,20130207,11,340,70,50,120,38,7,73,0,-1,10125,5
210,20130207,12,330,60,80,140,50,8,108,1,6,10123,2
210,20130207,13,320,80,70,120,50,10,131,0,0,10120,4
210,20130207,14,320,80,80,130,45,8,79,0,-1,10121,1
210,20130207,15,310,70,70,110,34,2,40,0,-1,10121,4
210,20130207,16,330,60,50,110,30,3,20,1,1,10121,1
210,20130207,17,290,60,40,100,22,0,2,1,1,10122,3
210,20130207,18,310,40,40,70,28,0,0,0,0,10123,3
210,20130207,19,310,40,40,70,32,0,0,0,0,10123,4
210,20130207,20,320,40,40,70,36,0,0,0,-1,10124,7
210,20130207,21,310,50,60,90,32,0,0,0,-1,10123,6
210,20130207,22,300,70,70,130,25,0,0,0,0,10122,5
210,20130207,23,290,30,30,80,25,0,0,1,1,10121,7
210,20130207,24,350,50,70,100,22,0,0,6,7,10120,8
210,20130208,1,330,50,40,100,23,0,0,8,6,10118,8
210,20130208,2,350,40,40,70,27,0,0,2,1,10120,3
210,20130208,3,360,30,40,80,17,0,0,1,1,10123,7
210,20130208,4,10,40,40,70,17,0,0,0,-1,10127,7
210,20130208,5,30,40,50,70,8,0,0,0,0,10133,6
210,20130208,6,20,40,30,60,11,0,0,0,0,10142,8
210,20130208,7,30,40,40,70,13,0,0,0,0,10152,8
210,20130208,8,20,30,10,50,13,0,5,0,0,10158,7
210,20130208,9,30,20,20,30,23,5,38,0,0,10160,3
210,20130208,10,360,20,30,50,34,10,88,0,0,10163,1
210,20130208,11,340,30,40,60,39,10,113,0,0,10167,3
210,20130208,12,330,40,40,70,45,10,132,0,0,10167,1
210,20130208,13,330,50,40,80,32,4,84,0,0,10168,6
210,20130208,14,350,60,80,110,12,8,118,1,1,10172,8
210,20130208,15,290,30,20,90,15,3,30,4,5,10170,1
210,20130208,16,10,40,50,70,23,5,21,0,0,10172,2
210,20130208,17,20,30,30,60,20,0,3,0,0,10174,8
210,20130208,18,10,40,30,80,11,0,0,0,0,10180,5
210,20130208,19,20,20,20,40,8,0,0,0,0,10184,7
210,20130208,20,350,30,30,80,7,0,0,0,-1,10188,6
210,20130208,21,310,10,10,50,-5,0,0,0,-1,10190,0
210,20130208,22,360,20,40,50,7,0,0,0,0,10191,7
210,20130208,23,360,30,20,50,7,0,0,0,0,10194,8
210,20130208,24,20,20,20,30,7,0,0,0,-1,10195,7
210,20130209,1,10,20,20,40,7,0,0,0,-1,10196,8
210,20130209,2,340,20,10,40,3,0,0,0,-1,10196,8
210,20130209,3,330,10,10,20,-3,0,0,0,0,10196,8
210,20130209,4,260,10,10,20,-3,0,0,0,0,10195,7
210,20130209,5,120,0,10,10,-2,0,0,0,0,10194,8
210,20130209,6,170,10,10,20,1,0,0,0,0,10194,8
210,20130209,7,160,10,10,10,-8,0,0,0,0,10197,8
210,20130209,8,190,20,20,30,-2,0,6,0,0,10198,8
210,20130209,9,140,20,20,30,9,3,28,0,0,10200,7
210,20130209,10,170,30,40,50,15,2,58,0,0,10198,8
210,20130209,11,160,40,40,60,26,8,95,0,0,10197,7
210,20130209,12,180,50,50,60,29,2,64,0,0,10191,7
210,20130209,13,210,40,30,60,30,0,31,0,-1,10187,8
210,20130209,14,280,50,50,80,25,0,17,0,-1,10184,8
210,20130209,15,240,60,50,100,14,0,13,0,-1,10181,8
210,20130209,16,160,40,30,70,13,0,6,0,-1,10175,8
210,20130209,17,200,40,50,80,3,0,1,4,1,10177,8
210,20130209,18,160,30,20,70,0,0,0,10,8,10174,8
210,20130209,19,170,40,50,70,3,0,0,4,2,10170,8
210,20130209,20,160,50,40,80,3,0,0,5,3,10164,8
210,20130209,21,170,40,40,70,5,0,0,3,1,10157,8
210,20130209,22,170,40,40,60,6,0,0,0,-1,10150,8
210,20130209,23,170,50,40,70,7,0,0,0,0,10146,8
210,20130209,24,170,50,50,70,7,0,0,0,0,10142,8
210,20130210,1,170,50,50,60,4,0,0,2,1,10136,8
210,20130210,2,200,50,50,80,4,0,0,7,3,10130,8
210,20130210,3,200,50,60,110,3,0,0,4,2,10126,8
210,20130210,4,200,50,40,70,1,0,0,8,3,10120,8
210,20130210,5,190,30,30,50,4,0,0,0,0,10115,7
210,20130210,6,160,40,30,50,1,0,0,0,0,10110,8
210,20130210,7,160,40,50,70,-4,0,0,0,0,10107,5
210,20130210,8,170,50,50,70,-5,3,9,0,0,10106,1
210,20130210,9,160,50,50,70,-2,10,52,0,0,10102,0
210,20130210,10,150,50,50,90,4,7,68,0,0,10094,0
210,20130210,11,150,50,50,90,9,4,72,0,0,10086,2
210,20130210,12,150,60,60,100,11,7,84,0,0,10078,2
210,20130210,13,140,60,60,90,11,9,87,0,0,10069,1
210,20130210,14,140,60,70,110,14,10,86,0,0,10061,0
210,20130210,15,130,70,80,120,15,10,66,0,0,10052,2
210,20130210,16,130,70,60,120,15,10,41,0,0,10045,0
210,20130210,17,110,60,50,90,9,2,5,0,0,10040,1
210,20130210,18,120,70,70,110,5,0,0,0,0,10037,5
210,20130210,19,120,70,70,110,2,0,0,0,0,10030,0
210,20130210,20,120,80,80,120,-2,0,0,0,0,10024,6
210,20130210,21,110,80,90,140,-5,0,0,0,0,10020,2
210,20130210,22,120,90,80,130,-8,0,0,0,0,10017,4
210,20130210,23,110,90,80,130,-9,0,0,0,0,10015,8
210,20130210,24,110,80,80,130,-10,0,0,0,0,10011,1
210,20130211,1,110,90,80,150,-13,0,0,0,0,10007,0
210,20130211,2,100,80,80,130,-17,0,0,0,0,10003,0
210,20130211,3,100,80,80,120,-19,0,0,0,0,10000,0
210,20130211,4,100,80,80,130,-20,0,0,0,0,9999,4
210,20130211,5,90,70,70,120,-20,0,0,0,0,9999,7
210,20130211,6,90,70,70,110,-22,0,0,0,0,9999,8
210,20130211,7,100,70,70,110,-18,0,0,0,0,10001,8
210,20130211,8,90,60,60,110,-18,0,5,0,0,10005,7
210,20130211,9,90,60,70,110,-15,0,30,0,0,10008,8
210,20130211,10,100,70,80,110,-9,2,58,0,0,10013,8
210,20130211,11,100,80,80,130,-5,0,47,0,0,10019,8
210,20130211,12,100,80,70,130,-1,0,54,0,0,10020,8
210,20130211,13,100,80,80,120,3,3,75,0,0,10024,7
210,20130211,14,100,80,80,130,7,0,62,0,0,10028,8
210,20130211,15,90,60,60,130,7,0,40,0,0,10032,8
210,20130211,16,90,60,60,90,8,0,18,0,0,10037,8
210,20130211,17,90,60,60,100,9,0,3,0,0,10045,8
210,20130211,18,80,60,60,90,4,0,0,0,0,10056,7
210,20130211,19,70,40,40,90,-6,0,0,0,0,10062,2
210,20130211,20,70,50,50,80,-9,0,0,0,0,10068,0
210,20130211,21,70,50,50,90,-11,0,0,0,0,10076,0
210,20130211,22,80,50,60,90,-15,0,0,0,0,10083,0
210,20130211,23,70,50,60,90,-16,0,0,0,0,10089,0
210,20130211,24,80,50,50,90,-18,0,0,0,0,10096,0
210,20130212,1,70,50,50,80,-19,0,0,0,0,10103,0
210,20130212,2,70,50,50,80,-15,0,0,0,0,10107,0
210,20130212,3,60,40,40,80,-19,0,0,0,0,10112,0
210,20130212,4,50,40,40,60,-21,0,0,0,0,10118,0
210,20130212,5,70,30,30,50,-13,0,0,0,0,10123,8
210,20130212,6,70,40,50,90,-9,0,0,0,0,10129,8
210,20130212,7,70,50,40,80,-8,0,0,0,0,10135,8
210,20130212,8,70,50,50,90,-5,0,4,0,0,10144,8
210,20130212,9,80,50,50,90,-2,0,19,0,0,10150,8
210,20130212,10,90,50,50,90,-1,0,29,0,0,10155,8
210,20130212,11,70,50,50,90,-1,0,39,0,0,10161,8
210,20130212,12,60,50,50,90,0,1,60,0,0,10164,8
210,20130212,13,60,50,50,70,1,0,51,0,0,10164,8
210,20130212,14,70,50,50,70,2,0,40,0,0,10166,8
210,20130212,15,80,50,40,80,3,2,43,0,0,10166,1
210,20130212,16,80,30,30,60,2,10,41,0,0,10170,0
210,20130212,17,70,20,20,40,-9,2,7,0,0,10178,1
210,20130212,18,360,10,10,20,-8,0,0,0,0,10186,8
210,20130212,19,30,10,20,30,-3,0,0,0,0,10191,8
210,20130212,20,30,20,30,40,-4,0,0,0,0,10194,8
210,20130212,21,40,30,30,50,-1,0,0,0,0,10200,8
210,20130212,22,50,20,20,40,0,0,0,0,0,10205,8
210,20130212,23,40,20,20,40,-3,0,0,0,0,10208,8
210,20130212,24,60,20,20,30,-2,0,0,0,0,10209,8
210,20130213,1,40,20,20,40,-17,0,0,0,0,10214,0
210,20130213,2,60,10,10,20,-19,0,0,0,0,10216,0
210,20130213,3,40,20,20,30,-28,0,0,0,0,10222,1
210,20130213,4,50,20,10,30,-29,0,0,0,0,10224,5
210,20130213,5,60,10,10,20,-17,0,0,0,0,10232,8
210,20130213,6,80,20,20,30,-20,0,0,0,0,10234,1
210,20130213,7,160,10,10,20,-27,0,0,0,0,10240,0
210,20130213,8,130,10,10,20,-24,7,26,0,0,10245,0
210,20130213,9,140,20,20,30,0,10,90,0,0,10249,0
210,20130213,10,140,20,20,30,9,10,123,0,0,10254,0
210,20130213,11,140,20,30,50,11,10,144,0,0,10254,1
210,20130213,12,130,30,30,60,10,10,142,0,0,10254,2
210,20130213,13,150,30,30,60,13,10,139,0,0,10253,1
210,20130213,14,160,30,30,60,18,10,120,0,0,10250,1
210,20130213,15,130,40,40,50,17,3,62,0,0,10249,7
210,20130213,16,190,40,30,60,11,8,32,0,0,10251,1
210,20130213,17,140,30,20,40,6,0,3,0,0,10252,0
210,20130213,18,140,30,30,50,5,0,0,0,0,10253,3
210,20130213,19,130,30,30,60,1,0,0,0,0,10249,0
210,20130213,20,140,40,50,70,2,0,0,0,0,10245,0
210,20130213,21,150,40,40,70,-1,0,0,0,0,10243,0
210,20130213,22,140,40,30,70,-3,0,0,0,0,10237,0
210,20130213,23,140,30,30,60,-3,0,0,0,0,10233,0
210,20130213,24,170,40,50,70,-4,0,0,0,0,10230,0
210,20130214,1,160,50,60,90,-4,0,0,0,0,10220,0
210,20130214,2,170,60,70,100,-6,0,0,0,0,10213,1
210,20130214,3,170,80,80,120,-4,0,0,0,0,10202,8
210,20130214,4,160,80,70,120,-5,0,0,0,0,10192,7
210,20130214,5,160,80,80,130,-5,0,0,0,0,10181,7
210,20130214,6,160,90,90,130,-6,0,0,0,0,10171,7
210,20130214,7,160,90,90,130,-5,0,0,0,0,10164,8
210,20130214,8,160,80,70,130,-4,0,3,0,0,10159,8
210,20130214,9,160,80,80,110,-7,0,9,0,-1,10151,8
210,20130214,10,160,80,80,140,-11,0,16,9,6,10143,8
210,20130214,11,150,80,70,130,-9,0,23,10,2,10133,8
210,20130214,12,150,70,70,110,-5,0,30,7,3,10123,8
210,20130214,13,160,70,70,110,-3,0,25,9,4,10119,8
210,20130214,14,160,60,60,110,-2,0,20,7,4,10114,8
210,20130214,15,160,60,60,90,-1,0,14,8,5,10110,8
210,20130214,16,170,50,50,80,2,0,7,8,3,10108,8
210,20130214,17,180,50,50,80,3,0,1,8,3,10107,8
210,20130214,18,180,40,40,60,8,0,0,4,1,10107,8
210,20130214,19,180,40,40,60,11,0,0,0,0,10112,8
210,20130214,20,180,40,40,60,14,0,0,0,0,10112,8
210,20130214,21,190,30,30,50,16,0,0,0,0,10117,8
210,20130214,22,190,30,20,40,18,0,0,0,0,10120,8
210,20130214,23,210,30,20,40,21,0,0,0,0,10123,8
210,20130214,24,200,20,20,30,19,0,0,0,-1,10127,8
210,20130215,1,210,20,10,20,20,0,0,0,0,10131,8
210,20130215,2,210,20,20,20,24,0,0,4,2,10132,8
210,20130215,3,200,20,20,30,27,0,0,3,8,10133,8
210,20130215,4,210,20,20,30,23,0,0,0,0,10136,8
210,20130215,5,200,10,20,20,30,0,0,0,0,10143,8
210,20130215,6,230,10,10,30,34,0,0,0,0,10147,8
210,20130215,7,260,20,20,30,30,0,0,0,-1,10154,8
210,20130215,8,260,20,20,40,37,0,6,0,-1,10160,8
210,20130215,9,270,20,30,40,44,0,24,0,-1,10166,8
210,20130215,10,280,30,30,40,62,5,73,0,0,10171,7
210,20130215,11,280,40,40,60,67,10,127,0,0,10179,7
210,20130215,12,260,40,40,60,68,10,138,0,0,10180,8
210,20130215,13,270,50,50,70,62,4,94,0,0,10184,8
210,20130215,14,270,50,40,70,56,0,43,0,0,10188,8
210,20130215,15,270,40,50,70,55,0,31,0,0,10192,8
210,20130215,16,260,40,40,70,53,2,19,0,0,10195,8
210,20130215,17,260,30,30,50,47,2,5,0,0,10201,8
210,20130215,18,260,30,30,40,49,0,0,0,0,10207,8
210,20130215,19,250,30,30,50,41,0,0,0,-1,10209,8
210,20130215,20,250,30,40,50,45,0,0,0,0,10211,8
210,20130215,21,240,30,30,50,41,0,0,0,0,10215,8
210,20130215,22,250,30,30,50,48,0,0,0,0,10215,8
210,20130215,23,250,30,30,40,48,0,0,0,0,10217,8
210,20130215,24,260,30,30,50,50,0,0,1,1,10219,8
210,20130216,1,250,30,20,40,46,0,0,0,-1,10220,8
210,20130216,2,240,20,20,30,41,0,0,5,4,10221,8
210,20130216,3,250,20,20,30,44,0,0,0,-1,10220,8
210,20130216,4,260,10,10,20,41,0,0,0,-1,10224,8
210,20130216,5,260,10,10,20,40,0,0,6,2,10226,8
210,20130216,6,250,0,10,10,42,0,0,7,3,10229,8
210,20130216,7,240,10,20,20,33,0,0,0,0,10230,8
210,20130216,8,260,20,20,30,43,0,6,0,-1,10235,8
210,20130216,9,260,10,10,20,51,0,22,0,0,10238,8
210,20130216,10,280,20,20,30,61,0,42,0,0,10242,8
210,20130216,11,290,20,20,30,67,0,62,0,0,10244,8
210,20130216,12,290,20,20,30,70,0,68,0,0,10242,8
210,20130216,13,310,20,20,30,73,0,74,0,0,10241,8
210,20130216,14,330,20,10,20,73,0,66,0,0,10240,8
210,20130216,15,320,20,20,30,72,0,44,0,0,10240,8
210,20130216,16,320,10,10,20,68,2,23,0,0,10239,8
210,20130216,17,330,20,20,30,55,0,4,0,0,10241,8
210,20130216,18,10,10,10,20,52,0,0,0,0,10245,8
210,20130216,19,40,10,10,20,50,0,0,0,0,10247,8
210,20130216,20,20,10,10,10,47,0,0,0,0,10247,8
210,20130216,21,0,10,0,20,40,0,0,0,0,10248,8
210,20130216,22,120,10,10,20,43,0,0,0,0,10248,8
210,20130216,23,90,10,20,30,48,0,0,0,0,10249,8
210,20130216,24,70,10,20,30,43,0,0,0,0,10251,8
210,20130217,1,70,20,20,30,42,0,0,0,0,10250,8
210,20130217,2,90,20,10,40,38,0,0,0,0,10248,8
210,20130217,3,110,20,30,40,41,0,0,0,0,10246,8
210,20130217,4,120,20,30,40,36,0,0,0,0,10245,8
210,20130217,5,110,30,20,40,34,0,0,0,0,10245,8
210,20130217,6,100,30,30,60,34,0,0,0,0,10246,8
210,20130217,7,120,30,30,50,31,0,0,0,0,10249,8
210,20130217,8,120,30,40,60,28,0,9,0,0,10250,1
210,20130217,9,140,40,30,60,36,8,57,0,0,10250,0
210,20130217,10,130,40,40,60,45,10,104,0,0,10250,0
210,20130217,11,120,40,30,60,55,10,138,0,0,10249,0
210,20130217,12,130,40,30,60,62,10,153,0,0,10246,0
210,20130217,13,140,30,30,50,70,10,154,0,0,10241,1
210,20130217,14,110,20,20,40,67,10,111,0,0,10236,2
210,20130217,15,150,30,30,40,72,8,78,0,0,10233,6
210,20130217,16,110,30,30,40,64,10,61,0,0,10231,0
210,20130217,17,110,30,30,50,55,3,13,0,0,10231,0
210,20130217,18,70,30,30,50,36,0,0,0,0,10235,0
210,20130217,19,70,30,30,50,27,0,0,0,0,10236,0
210,20130217,20,70,30,30,50,21,0,0,0,0,10234,3
210,20130217,21,70,30,30,50,15,0,0,0,0,10233,1
210,20130217,22,60,20,20,30,10,0,0,0,0,10233,4
210,20130217,23,80,20,20,30,13,0,0,0,0,10230,0
210,20130217,24,80,20,20,40,11,0,0,0,0,10229,0
210,20130218,1,80,20,20,30,6,0,0,0,0,10228,6
210,20130218,2,80,20,20,30,7,0,0,0,0,10224,6
210,20130218,3,60,10,10,20,0,0,0,0,0,10223,8
210,20130218,4,70,20,20,20,6,0,0,0,0,10221,8
210,20130218,5,70,20,20,30,9,0,0,0,0,10222,8
210,20130218,6,70,20,10,20,5,0,0,0,0,10221,2
210,20130218,7,70,10,20,20,-5,0,0,0,0,10223,0
210,20130218,8,100,20,20,30,9,5,15,0,0,10226,0
210,20130218,9,120,20,20,30,22,10,63,0,0,10228,0
210,20130218,10,150,20,20,30,37,10,98,0,0,10227,0
210,20130218,11,160,20,20,30,48,10,136,0,0,10226,0
210,20130218,12,180,20,10,30,65,10,157,0,0,10224,0
210,20130218,13,130,10,20,50,69,10,129,0,0,10220,1
210,20130218,14,320,20,40,50,56,7,86,0,0,10217,6
210,20130218,15,350,40,30,50,44,5,62,0,0,10216,3
210,20130218,16,10,30,20,40,38,10,40,0,0,10214,0
210,20130218,17,10,30,20,30,29,3,9,0,0,10213,0
210,20130218,18,350,20,10,20,18,0,0,0,0,10214,0
210,20130218,19,990,10,10,20,16,0,0,0,0,10211,0
210,20130218,20,0,0,0,10,11,0,0,0,0,10212,0
210,20130218,21,350,0,10,10,7,0,0,0,0,10211,0
210,20130218,22,10,10,10,20,7,0,0,0,0,10210,0
210,20130218,23,300,0,10,10,-7,0,0,0,0,10210,0
210,20130218,24,240,10,20,20,-13,0,0,0,0,10207,9
210,20130219,1,210,10,10,20,-11,0,0,0,0,10203,8
210,20130219,2,990,10,10,20,0,0,0,0,0,10201,8
210,20130219,3,330,30,40,60,27,0,0,0,0,10194,8
210,20130219,4,310,30,30,50,29,0,0,0,0,10189,8
210,20130219,5,290,20,20,30,30,0,0,0,0,10185,8
210,20130219,6,290,20,30,40,35,0,0,0,0,10184,8
210,20130219,7,290,30,30,40,37,0,0,0,0,10185,8
210,20130219,8,300,30,30,40,42,0,8,0,0,10186,8
210,20130219,9,310,30,30,50,47,0,21,0,0,10188,8
210,20130219,10,310,40,40,60,50,0,33,0,0,10185,8
210,20130219,11,300,30,30,50,53,0,43,0,0,10184,8
210,20130219,12,320,30,30,50,54,0,42,0,0,10182,8
210,20130219,13,320,30,30,50,57,0,56,0,0,10176,7
210,20130219,14,320,30,30,50,53,0,41,0,0,10174,8
210,20130219,15,340,30,30,50,52,0,27,0,-1,10172,8
210,20130219,16,350,30,40,50,50,0,18,0,-1,10175,8
210,20130219,17,350,30,20,40,47,0,3,0,-1,10178,8
210,20130219,18,10,30,30,40,47,0,0,0,-1,10183,8
210,20130219,19,50,40,60,80,41,0,0,0,0,10191,8
210,20130219,20,60,50,40,90,36,0,0,0,0,10195,8
210,20130219,21,70,60,60,100,33,0,0,0,0,10202,8
210,20130219,22,80,50,50,90,30,0,0,0,0,10210,8
210,20130219,23,90,50,50,90,28,0,0,0,0,10215,7
210,20130219,24,70,50,60,80,22,0,0,0,0,10219,8
210,20130220,1,70,60,50,80,12,0,0,0,0,10224,7
210,20130220,2,80,50,40,70,5,0,0,0,0,10229,0
210,20130220,3,70,40,30,70,2,0,0,0,0,10231,0
210,20130220,4,70,40,40,80,1,0,0,0,0,10237,0
210,20130220,5,70,40,50,70,-4,0,0,0,0,10242,0
210,20130220,6,70,50,50,80,-8,0,0,0,0,10247,0
210,20130220,7,70,40,50,80,-10,0,0,0,0,10255,0
210,20130220,8,70,50,50,80,-5,8,25,0,0,10261,0
210,20130220,9,70,60,60,90,3,10,70,0,0,10265,0
210,20130220,10,90,60,60,100,7,10,114,0,0,10267,0
210,20130220,11,70,70,70,100,11,10,162,0,0,10268,4
210,20130220,12,80,60,60,100,10,8,122,0,0,10268,2
210,20130220,13,80,50,60,90,22,9,173,0,0,10266,5
210,20130220,14,70,60,60,100,19,5,88,0,0,10262,7
210,20130220,15,90,60,60,90,15,1,43,0,0,10263,8
210,20130220,16,70,60,50,100,11,2,26,0,0,10263,6
210,20130220,17,70,50,40,90,9,5,12,0,0,10266,4
210,20130220,18,90,50,60,100,12,0,0,0,0,10269,8
210,20130220,19,80,50,50,90,6,0,0,0,0,10270,2
210,20130220,20,70,40,30,80,1,0,0,0,0,10270,0
210,20130220,21,70,40,30,60,1,0,0,0,0,10270,0
210,20130220,22,70,40,50,80,-2,0,0,0,0,10272,0
210,20130220,23,70,40,30,70,-3,0,0,0,0,10271,0
210,20130220,24,70,30,30,50,-6,0,0,0,0,10273,0
210,20130221,1,70,30,30,60,-12,0,0,0,0,10272,0
210,20130221,2,50,20,20,40,-22,0,0,0,0,10270,4
210,20130221,3,30,20,20,30,-20,0,0,0,0,10266,8
210,20130221,4,70,20,20,40,-5,0,0,0,0,10264,8
210,20130221,5,70,30,30,60,-9,0,0,0,0,10265,0
210,20130221,6,60,40,40,60,-14,0,0,0,0,10264,0
210,20130221,7,60,40,40,60,-16,0,0,0,0,10266,0
210,20130221,8,30,30,20,60,-25,0,9,0,0,10268,1
210,20130221,9,50,30,40,50,-4,7,69,0,0,10268,2
210,20130221,10,60,60,50,80,6,10,117,0,0,10267,0
210,20130221,11,60,60,60,100,10,10,156,0,0,10265,4
210,20130221,12,60,60,60,100,6,4,94,0,0,10259,7
210,20130221,13,50,60,60,90,5,1,77,0,0,10253,8
210,20130221,14,60,60,60,90,11,7,114,0,0,10247,7
210,20130221,15,70,60,60,90,7,9,102,0,0,10244,7
210,20130221,16,50,50,50,80,6,8,57,0,0,10242,4
210,20130221,17,50,50,60,80,0,5,12,0,0,10239,8
210,20130221,18,40,50,40,70,-4,0,0,0,0,10241,7
210,20130221,19,50,50,50,70,-4,0,0,0,0,10239,8
210,20130221,20,40,50,50,80,-12,0,0,0,0,10236,0
210,20130221,21,60,40,40,70,-12,0,0,0,0,10236,0
210,20130221,22,50,40,40,60,-15,0,0,0,0,10233,0
210,20130221,23,40,40,30,70,-25,0,0,0,0,10231,0
210,20130221,24,30,30,40,50,-29,0,0,0,0,10229,0
210,20130222,1,30,40,40,50,-28,0,0,0,0,10228,0
210,20130222,2,40,40,40,60,-28,0,0,0,0,10224,1
210,20130222,3,40,40,40,50,-31,0,0,0,0,10219,0
210,20130222,4,50,30,30,50,-30,0,0,0,0,10218,0
210,20130222,5,30,30,30,40,-41,0,0,0,0,10215,0
210,20130222,6,50,30,30,40,-35,0,0,0,0,10215,0
210,20130222,7,40,30,30,40,-40,0,1,0,0,10217,0
210,20130222,8,30,40,50,60,-22,7,26,0,0,10218,3
210,20130222,9,70,50,60,90,-15,2,31,0,0,10218,8
210,20130222,10,70,70,60,100,-4,10,111,0,0,10215,1
210,20130222,11,60,70,70,110,-4,7,90,0,0,10214,2
210,20130222,12,60,70,80,110,5,8,133,0,0,10205,2
210,20130222,13,50,70,80,120,5,10,176,0,0,10200,5
210,20130222,14,40,70,80,110,0,3,62,0,0,10196,6
210,20130222,15,40,70,70,100,6,7,79,0,0,10192,4
210,20130222,16,50,70,70,100,2,3,29,0,0,10188,8
210,20130222,17,50,70,60,110,0,0,5,0,0,10189,8
210,20130222,18,50,70,70,110,-1,0,0,0,0,10190,8
210,20130222,19,70,70,50,120,-4,0,0,0,0,10192,8
210,20130222,20,80,70,80,130,-13,0,0,0,0,10193,8
210,20130222,21,70,80,80,120,-16,0,0,0,0,10194,7
210,20130222,22,80,50,40,120,-20,0,0,0,0,10194,2
210,20130222,23,60,50,50,80,-21,0,0,0,0,10193,0
210,20130222,24,60,50,50,80,-23,0,0,0,0,10196,0
210,20130223,1,50,40,40,70,-28,0,0,0,0,10195,0
210,20130223,2,50,40,40,60,-31,0,0,0,0,10191,0
210,20130223,3,30,30,20,60,-47,0,0,0,0,10190,0
210,20130223,4,40,30,30,40,-42,0,0,0,0,10189,0
210,20130223,5,30,30,30,40,-49,0,0,0,0,10189,0
210,20130223,6,20,30,30,40,-45,0,0,0,0,10190,0
210,20130223,7,30,30,40,50,-40,0,1,0,0,10194,0
210,20130223,8,30,40,40,50,-27,7,21,0,0,10197,0
210,20130223,9,50,60,60,90,-15,3,43,0,0,10198,7
210,20130223,10,50,70,70,120,-7,3,67,0,0,10197,8
210,20130223,11,50,80,80,120,-1,0,63,0,0,10195,8
210,20130223,12,50,80,80,120,2,0,61,0,0,10192,8
210,20130223,13,50,80,80,130,5,0,51,0,0,10190,8
210,20130223,14,40,80,80,130,5,0,52,0,0,10187,8
210,20130223,15,40,70,70,110,5,0,26,0,0,10187,8
210,20130223,16,40,70,70,110,4,0,16,0,0,10187,8
210,20130223,17,40,70,70,130,3,0,4,0,0,10187,8
210,20130223,18,30,70,70,110,3,0,0,0,0,10190,8
210,20130223,19,40,60,50,100,3,0,0,0,0,10191,8
210,20130223,20,30,60,50,120,2,0,0,0,0,10191,8
210,20130223,21,30,60,60,100,0,0,0,0,0,10194,8
210,20130223,22,40,70,60,100,1,0,0,0,0,10198,8
210,20130223,23,30,60,60,100,-1,0,0,0,-1,10199,8
210,20130223,24,20,60,60,110,-3,0,0,0,-1,10199,8
210,20130224,1,20,60,50,90,-4,0,0,0,-1,10196,8
210,20130224,2,20,60,60,90,-8,0,0,0,-1,10192,8
210,20130224,3,20,60,50,90,-9,0,0,0,-1,10188,8
210,20130224,4,20,60,50,90,-6,0,0,0,-1,10187,8
210,20130224,5,30,70,70,110,-1,0,0,0,-1,10186,8
210,20130224,6,20,70,70,120,-3,0,0,9,1,10185,8
210,20130224,7,30,70,70,110,4,0,0,0,-1,10190,8
210,20130224,8,30,70,70,120,5,0,6,0,-1,10190,8
210,20130224,9,20,70,70,120,7,0,21,0,-1,10190,8
210,20130224,10,30,80,80,130,8,0,31,0,-1,10192,8
210,20130224,11,30,70,60,120,8,0,19,0,-1,10195,8
210,20130224,12,30,70,70,120,9,0,16,0,-1,10192,8
210,20130224,13,30,70,80,110,11,0,22,0,-1,10189,8
210,20130224,14,20,70,70,110,12,0,24,0,-1,10189,8
210,20130224,15,30,60,60,100,9,0,23,0,-1,10189,8
210,20130224,16,20,60,60,90,6,0,19,10,2,10192,8
210,20130224,17,20,50,50,90,6,0,5,9,2,10195,8
210,20130224,18,20,60,50,90,7,0,0,4,1,10201,8
210,20130224,19,20,50,50,80,7,0,0,0,-1,10203,8
210,20130224,20,20,50,50,80,7,0,0,0,-1,10204,8
210,20130224,21,30,50,50,80,8,0,0,0,-1,10206,8
210,20130224,22,40,50,40,80,9,0,0,0,0,10211,8
210,20130224,23,30,40,40,70,10,0,0,0,0,10214,8
210,20130224,24,30,40,40,70,10,0,0,0,0,10216,8
210,20130225,1,30,50,50,80,11,0,0,0,0,10215,8
210,20130225,2,30,50,40,80,12,0,0,0,0,10214,8
210,20130225,3,30,60,60,90,14,0,0,0,0,10216,8
210,20130225,4,30,60,60,90,14,0,0,0,0,10219,8
210,20130225,5,40,60,60,100,15,0,0,0,0,10222,8
210,20130225,6,30,60,60,90,15,0,0,0,0,10224,8
210,20130225,7,40,60,60,90,15,0,0,0,0,10232,8
210,20130225,8,40,50,50,80,17,0,9,0,0,10234,8
210,20130225,9,50,50,60,80,18,0,16,0,0,10240,8
210,20130225,10,40,60,60,90,20,0,20,0,0,10245,8
210,20130225,11,30,50,50,80,21,0,24,0,0,10249,8
210,20130225,12,30,50,60,80,26,0,35,0,0,10247,8
210,20130225,13,30,60,60,90,30,0,37,0,0,10244,8
210,20130225,14,40,60,80,110,29,0,29,0,0,10242,8
210,20130225,15,40,70,70,110,27,0,17,0,0,10243,8
210,20130225,16,40,70,70,110,26,0,11,0,0,10245,8
210,20130225,17,40,70,60,120,22,0,2,0,-1,10248,8
210,20130225,18,50,70,70,110,20,0,0,2,1,10252,8
210,20130225,19,50,60,50,90,20,0,0,0,-1,10257,8
210,20130225,20,50,50,60,90,21,0,0,0,-1,10265,8
210,20130225,21,50,60,60,90,20,0,0,0,0,10268,8
210,20130225,22,60,60,60,90,21,0,0,0,0,10270,8
210,20130225,23,70,60,60,90,21,0,0,0,0,10274,8
210,20130225,24,60,50,40,80,22,0,0,0,0,10280,8
210,20130226,1,60,50,50,80,22,0,0,0,0,10284,8
210,20130226,2,70,50,50,80,22,0,0,0,0,10287,8
210,20130226,3,70,50,50,90,21,0,0,0,0,10289,8
210,20130226,4,80,40,40,70,22,0,0,0,0,10292,8
210,20130226,5,70,40,40,60,21,0,0,0,0,10298,8
210,20130226,6,70,40,40,60,22,0,0,0,0,10304,8
210,20130226,7,80,40,30,80,21,0,0,0,0,10311,8
210,20130226,8,80,40,40,60,20,0,5,0,0,10321,8
210,20130226,9,80,40,40,70,20,0,12,0,0,10326,8
210,20130226,10,70,40,40,80,25,0,26,0,0,10328,8
210,20130226,11,60,40,40,60,29,0,41,0,0,10335,8
210,20130226,12,50,40,40,60,33,0,62,0,0,10332,8
210,20130226,13,50,40,40,60,40,1,89,0,0,10330,7
210,20130226,14,50,40,40,60,42,3,79,0,0,10330,8
210,20130226,15,70,40,40,70,41,0,38,0,0,10330,8
210,20130226,16,70,40,40,70,39,0,19,0,0,10331,8
210,20130226,17,50,40,50,70,38,0,7,0,0,10332,8
210,20130226,18,50,40,40,60,39,0,0,0,0,10335,8
210,20130226,19,30,40,30,60,35,0,0,0,0,10336,7
210,20130226,20,40,50,50,80,31,0,0,0,0,10338,8
210,20130226,21,40,50,50,80,22,0,0,0,0,10341,8
210,20130226,22,30,50,40,80,16,0,0,0,0,10342,8
210,20130226,23,40,50,60,80,12,0,0,0,0,10342,8
210,20130226,24,50,60,50,90,9,0,0,0,0,10342,8
210,20130227,1,50,50,50,80,8,0,0,0,0,10342,8
210,20130227,2,60,60,50,90,8,0,0,0,0,10341,8
210,20130227,3,50,60,60,100,6,0,0,0,0,10339,8
210,20130227,4,60,50,40,80,8,0,0,0,0,10338,8
210,20130227,5,50,50,50,90,3,0,0,0,-1,10338,8
210,20130227,6,40,60,60,90,4,0,0,0,-1,10336,8
210,20130227,7,60,50,40,90,4,0,1,0,0,10339,8
210,20130227,8,50,50,50,80,4,0,9,0,0,10342,8
210,20130227,9,40,50,50,80,7,0,21,0,0,10343,8
210,20130227,10,60,50,50,70,11,0,39,0,0,10344,8
210,20130227,11,70,50,50,80,12,1,62,0,0,10343,8
210,20130227,12,60,50,50,70,15,0,66,0,0,10339,8
210,20130227,13,50,50,50,70,21,0,70,0,0,10334,8
210,20130227,14,60,50,50,80,22,3,92,0,0,10330,7
210,20130227,15,60,50,50,80,27,8,97,0,0,10328,1
210,20130227,16,70,50,50,80,27,10,68,0,0,10324,0
210,20130227,17,80,30,20,60,22,7,24,0,0,10324,0
210,20130227,18,80,20,10,30,13,0,1,0,0,10325,0
210,20130227,19,40,10,10,20,4,0,0,0,0,10325,1
210,20130227,20,40,20,40,50,14,0,0,0,0,10324,8
210,20130227,21,40,40,40,60,11,0,0,0,0,10324,8
210,20130227,22,50,40,40,60,13,0,0,0,0,10323,8
210,20130227,23,50,30,30,50,9,0,0,0,0,10320,3
210,20130227,24,40,20,20,40,3,0,0,0,0,10318,1
210,20130228,1,30,20,20,30,-2,0,0,0,0,10313,0
210,20130228,2,30,20,30,30,-1,0,0,0,0,10308,1
210,20130228,3,30,20,20,30,-2,0,0,0,0,10301,8
210,20130228,4,30,30,30,40,0,0,0,0,0,10298,8
210,20130228,5,40,30,20,50,1,0,0,0,0,10294,8
210,20130228,6,70,20,30,40,5,0,0,0,0,10295,8
210,20130228,7,80,30,30,50,5,0,1,0,0,10296,8
210,20130228,8,50,30,40,50,5,0,9,0,0,10300,8
210,20130228,9,60,40,40,70,7,0,19,0,0,10300,8
210,20130228,10,50,30,40,60,10,0,34,0,0,10299,8
210,20130228,11,70,30,30,50,14,0,51,0,0,10299,8
210,20130228,12,80,30,40,60,20,0,81,0,0,10296,8
210,20130228,13,30,30,30,60,30,8,143,0,0,10291,7
210,20130228,14,60,40,40,70,28,7,116,0,0,10289,8
210,20130228,15,80,40,40,60,28,0,48,0,0,10284,8
210,20130228,16,40,40,40,60,26,7,52,0,0,10282,7
210,20130228,17,40,40,40,70,22,7,24,0,0,10282,1
210,20130228,18,10,30,20,60,29,0,1,0,0,10284,8
210,20130228,19,30,30,40,50,33,0,0,0,0,10284,8
210,20130228,20,40,50,40,90,26,0,0,0,0,10285,8
210,20130228,21,40,40,50,70,29,0,0,0,0,10284,8
210,20130228,22,20,40,40,70,28,0,0,0,0,10286,8
210,20130228,23,40,30,20,70,28,0,0,0,0,10283,8
210,20130228,24,50,10,10,30,31,0,0,0,0,10280,8
210,20130301,1,250,10,10,10,28,0,0,0,0,10276,8
210,20130301,2,320,20,20,30,30,0,0,0,0,10272,8
210,20130301,3,270,10,10,20,29,0,0,0,0,10268,8
210,20130301,4,260,10,10,10,31,0,0,0,0,10267,8
210,20130301,5,20,10,20,20,37,0,0,0,0,10267,8
210,20130301,6,30,20,30,50,40,0,0,0,0,10267,8
210,20130301,7,10,30,30,70,39,0,2,0,0,10270,7
210,20130301,8,10,30,40,60,43,2,15,0,0,10274,8
210,20130301,9,20,40,40,80,43,0,24,0,0,10278,8
210,20130301,10,10,50,60,80,43,0,30,0,0,10278,8
210,20130301,11,30,60,60,100,46,0,49,0,0,10280,8
210,20130301,12,10,60,60,100,50,0,48,0,0,10277,8
210,20130301,13,360,60,60,100,49,0,49,0,0,10276,8
210,20130301,14,360,60,60,100,48,0,40,0,0,10276,8
210,20130301,15,360,60,60,90,43,0,27,0,0,10274,8
210,20130301,16,10,60,60,100,40,0,16,0,0,10274,8
210,20130301,17,360,60,50,90,37,0,6,0,0,10276,8
210,20130301,18,20,50,50,90,33,0,0,0,0,10278,8
210,20130301,19,30,50,50,80,30,0,0,0,0,10280,8
210,20130301,20,20,40,30,80,30,0,0,0,0,10281,8
210,20130301,21,10,40,40,70,32,0,0,0,0,10282,8
210,20130301,22,20,30,30,60,30,0,0,0,0,10283,8
210,20130301,23,30,40,40,70,29,0,0,0,0,10279,8
210,20130301,24,30,40,40,70,30,0,0,0,0,10280,8
210,20130302,1,20,30,30,60,28,0,0,0,0,10278,8
210,20130302,2,40,30,30,50,26,0,0,0,0,10275,8
210,20130302,3,20,30,30,50,25,0,0,0,0,10273,8
210,20130302,4,50,30,20,50,25,0,0,0,0,10273,8
210,20130302,5,30,30,20,40,23,0,0,0,0,10272,8
210,20130302,6,30,20,20,40,23,0,0,0,0,10269,8
210,20130302,7,60,20,20,40,23,0,1,0,0,10271,8
210,20130302,8,50,20,20,40,26,0,12,0,0,10270,8
210,20130302,9,40,20,20,40,29,0,30,0,0,10270,8
210,20130302,10,40,20,20,40,33,0,46,0,0,10271,8
210,20130302,11,10,30,20,50,36,0,53,0,0,10270,8
210,20130302,12,310,30,30,60,45,0,85,0,0,10264,8
210,20130302,13,330,30,40,60,40,0,83,0,0,10262,8
210,20130302,14,360,30,40,60,41,0,45,0,0,10258,8
210,20130302,15,320,30,30,60,38,0,34,0,0,10256,8
210,20130302,16,320,40,30,60,34,0,24,0,0,10252,8
210,20130302,17,320,40,30,60,31,0,8,0,0,10251,8
210,20130302,18,320,40,40,60,30,0,1,0,0,10251,8
210,20130302,19,320,40,50,70,31,0,0,0,0,10253,8
210,20130302,20,330,30,20,60,30,0,0,0,0,10252,8
210,20130302,21,260,20,10,50,32,0,0,0,0,10252,8
210,20130302,22,310,10,20,20,27,0,0,0,0,10253,8
210,20130302,23,230,20,20,20,22,0,0,0,0,10249,8
210,20130302,24,290,20,20,30,31,0,0,0,0,10249,8
210,20130303,1,260,20,20,30,29,0,0,0,0,10249,8
210,20130303,2,260,20,20,30,31,0,0,0,0,10246,8
210,20130303,3,270,30,40,50,35,0,0,0,0,10244,8
210,20130303,4,270,40,40,50,32,0,0,0,-1,10242,8
210,20130303,5,270,40,40,50,34,0,0,9,2,10241,8
210,20130303,6,260,40,40,50,36,0,0,3,1,10239,8
210,20130303,7,280,30,30,50,38,0,1,0,0,10243,8
210,20130303,8,270,30,30,40,41,0,7,0,0,10245,8
210,20130303,9,270,20,20,40,45,0,14,0,0,10246,8
210,20130303,10,10,20,30,40,54,0,36,0,0,10246,8
210,20130303,11,20,30,20,40,56,0,34,0,0,10246,8
210,20130303,12,80,20,20,40,63,0,55,0,0,10244,8
210,20130303,13,90,30,30,50,63,0,53,0,0,10241,8
210,20130303,14,90,30,40,60,63,0,64,0,0,10237,8
210,20130303,15,90,30,40,60,62,0,59,0,0,10233,8
210,20130303,16,80,30,30,50,61,0,31,0,0,10232,8
210,20130303,17,80,30,20,40,58,0,12,0,0,10231,8
210,20130303,18,80,20,20,40,54,0,1,0,0,10235,8
210,20130303,19,70,20,20,40,49,0,0,0,0,10235,8
210,20130303,20,70,30,30,40,48,0,0,0,0,10233,8
210,20130303,21,80,30,30,50,48,0,0,0,0,10234,8
210,20130303,22,80,30,30,50,45,0,0,0,0,10231,7
210,20130303,23,80,30,40,60,41,0,0,0,0,10228,8
210,20130303,24,90,30,20,50,29,0,0,0,0,10223,2
210,20130304,1,80,20,20,50,18,0,0,0,0,10222,0
210,20130304,2,90,20,20,40,13,0,0,0,0,10217,0
210,20130304,3,100,30,20,40,14,0,0,0,0,10213,0
210,20130304,4,70,20,30,40,3,0,0,0,0,10207,0
210,20130304,5,80,30,30,60,5,0,0,0,0,10202,0
210,20130304,6,90,40,30,70,5,0,0,0,0,10198,0
210,20130304,7,100,40,50,70,7,2,5,0,0,10199,0
210,20130304,8,100,50,50,80,15,10,44,0,0,10196,0
210,20130304,9,110,50,60,90,25,10,97,0,0,10188,0
210,20130304,10,120,60,60,80,38,10,144,0,0,10183,0
210,20130304,11,110,60,60,80,52,10,178,0,0,10178,0
210,20130304,12,120,60,50,80,69,10,196,0,0,10170,0
210,20130304,13,100,50,50,70,82,10,193,0,0,10159,0
210,20130304,14,120,50,40,70,98,10,173,0,0,10150,0
210,20130304,15,110,60,60,90,100,10,138,0,0,10140,0
210,20130304,16,120,60,50,90,100,10,89,0,0,10136,0
210,20130304,17,120,50,40,90,92,8,34,0,0,10133,0
210,20130304,18,120,50,50,80,85,0,2,0,0,10130,0
210,20130304,19,120,50,40,80,76,0,0,0,0,10128,0
210,20130304,20,120,40,40,70,70,0,0,0,0,10124,0
210,20130304,21,130,40,30,60,60,0,0,0,0,10122,0
210,20130304,22,140,30,40,60,57,0,0,0,0,10118,0
210,20130304,23,140,30,30,60,54,0,0,0,0,10114,0
210,20130304,24,140,30,30,50,49,0,0,0,0,10114,0
210,20130305,1,130,30,40,50,44,0,0,0,0,10112,0
210,20130305,2,130,40,40,60,39,0,0,0,0,10105,0
210,20130305,3,140,40,30,60,33,0,0,0,0,10101,0
210,20130305,4,130,30,30,60,28,0,0,0,0,10100,0
210,20130305,5,130,30,30,50,24,0,0,0,0,10098,0
210,20130305,6,130,30,30,50,23,0,0,0,0,10097,0
210,20130305,7,130,30,40,50,26,2,6,0,0,10095,0
210,20130305,8,130,40,40,60,41,10,42,0,0,10092,0
210,20130305,9,140,40,40,70,63,10,93,0,0,10091,0
210,20130305,10,140,40,40,60,84,10,140,0,0,10089,0
210,20130305,11,170,40,50,70,119,10,172,0,0,10085,0
210,20130305,12,170,50,60,80,136,10,186,0,0,10079,0
210,20130305,13,170,60,70,100,143,10,183,0,0,10073,0
210,20130305,14,170,50,50,80,152,10,161,0,0,10067,0
210,20130305,15,170,50,60,90,156,10,123,0,0,10061,0
210,20130305,16,140,40,30,80,153,10,71,0,0,10055,0
210,20130305,17,160,30,20,50,139,8,32,0,0,10054,0
210,20130305,18,120,20,20,30,125,0,2,0,0,10054,0
210,20130305,19,120,30,30,50,117,0,0,0,0,10055,0
210,20130305,20,140,30,20,50,109,0,0,0,0,10054,8
210,20130305,21,120,20,20,30,91,0,0,0,0,10054,1
210,20130305,22,130,30,20,40,84,0,0,0,0,10054,0
210,20130305,23,130,20,10,30,59,0,0,0,0,10051,0
210,20130305,24,140,10,20,20,62,0,0,0,0,10050,2
210,20130306,1,140,20,20,30,67,0,0,0,0,10045,4
210,20130306,2,140,20,20,30,65,0,0,0,0,10042,1
210,20130306,3,140,10,10,30,33,0,0,0,0,10039,5
210,20130306,4,110,10,10,20,52,0,0,0,0,10039,4
210,20130306,5,110,10,20,30,54,0,0,0,0,10038,8
210,20130306,6,100,20,20,30,64,0,0,0,0,10035,8
210,20130306,7,100,20,20,30,71,0,3,0,0,10036,8
210,20130306,8,130,20,20,40,76,2,23,0,-1,10038,7
210,20130306,9,130,20,20,40,86,0,50,0,-1,10038,8
210,20130306,10,130,20,20,30,108,5,95,0,0,10036,8
210,20130306,11,160,20,10,30,120,3,95,0,0,10033,8
210,20130306,12,90,20,30,40,141,5,136,0,0,10030,8
210,20130306,13,90,30,20,40,145,0,80,0,0,10025,8
210,20130306,14,70,30,30,40,147,2,81,0,0,10023,8
210,20130306,15,70,20,20,40,142,0,48,0,0,10020,8
210,20130306,16,70,30,30,50,137,0,25,0,0,10016,8
210,20130306,17,70,30,20,40,131,0,11,0,0,10016,8
210,20130306,18,80,30,30,40,132,0,1,0,0,10019,8
210,20130306,19,80,30,30,40,127,0,0,0,0,10018,8
210,20130306,20,70,30,40,50,116,0,0,0,0,10017,8
210,20130306,21,70,40,40,60,110,0,0,0,0,10017,8
210,20130306,22,70,40,40,60,106,0,0,0,0,10015,8
210,20130306,23,80,40,40,60,102,0,0,0,0,10010,3
210,20130306,24,70,30,20,50,83,0,0,0,0,10007,0
210,20130307,1,80,30,30,50,88,0,0,0,0,10005,6
210,20130307,2,80,30,30,60,86,0,0,0,0,10003,8
210,20130307,3,80,30,30,50,84,0,0,0,0,9999,8
210,20130307,4,80,30,40,60,82,0,0,0,0,9996,8
210,20130307,5,70,40,30,60,77,0,0,0,0,9995,8
210,20130307,6,70,30,40,60,72,0,0,0,0,9994,8
210,20130307,7,90,40,40,60,70,0,2,0,0,9996,8
210,20130307,8,80,40,40,60,70,0,13,0,0,9998,8
210,20130307,9,80,50,50,80,75,0,31,0,0,9998,8
210,20130307,10,90,40,40,70,86,0,62,0,0,9996,8
210,20130307,11,80,40,40,60,96,6,119,0,0,9993,7
210,20130307,12,90,40,40,70,102,3,119,0,0,9991,7
210,20130307,13,90,40,30,60,107,0,73,0,0,9986,8
210,20130307,14,80,40,40,60,106,0,64,0,0,9985,8
210,20130307,15,120,40,50,70,108,2,60,0,0,9981,8
210,20130307,16,100,40,40,70,107,2,44,0,0,9979,8
210,20130307,17,80,30,30,50,98,0,15,0,0,9981,8
210,20130307,18,80,40,50,70,95,0,2,0,0,9987,8
210,20130307,19,80,50,40,70,90,0,0,0,-1,9989,8
210,20130307,20,80,40,40,70,85,0,0,0,-1,9990,8
210,20130307,21,90,30,20,60,81,0,0,9,2,9991,8
210,20130307,22,80,30,40,60,78,0,0,5,1,9988,8
210,20130307,23,80,50,40,80,76,0,0,0,-1,9986,8
210,20130307,24,80,40,40,70,74,0,0,0,-1,9984,8
210,20130308,1,70,40,40,70,73,0,0,0,0,9984,8
210,20130308,2,80,40,40,60,74,0,0,0,0,9982,8
210,20130308,3,80,40,40,70,75,0,0,0,0,9980,8
210,20130308,4,80,30,30,50,76,0,0,0,0,9980,8
210,20130308,5,80,30,40,60,75,0,0,0,0,9980,8
210,20130308,6,80,40,30,60,74,0,0,0,0,9980,8
210,20130308,7,80,40,40,60,74,0,2,0,0,9983,8
210,20130308,8,80,40,40,70,76,0,16,0,0,9985,8
210,20130308,9,80,40,30,60,83,0,48,0,0,9986,8
210,20130308,10,80,40,40,60,95,2,81,0,0,9985,8
210,20130308,11,80,40,40,70,105,7,137,0,0,9987,3
210,20130308,12,90,50,40,80,115,8,171,0,0,9984,2
210,20130308,13,70,40,40,70,121,3,108,0,0,9982,1
210,20130308,14,80,50,50,80,123,5,108,0,0,9981,0
210,20130308,15,70,50,60,80,124,9,106,0,0,9980,0
210,20130308,16,70,40,40,90,121,5,53,0,0,9980,1
210,20130308,17,70,50,40,70,109,10,21,0,0,9984,6
210,20130308,18,60,50,50,70,100,0,2,0,0,9987,8
210,20130308,19,70,60,60,90,90,0,0,0,-1,9990,8
210,20130308,20,80,50,40,80,81,0,0,0,-1,9990,8
210,20130308,21,70,50,50,80,70,0,0,8,3,9989,8
210,20130308,22,80,50,50,70,67,0,0,9,2,9989,8
210,20130308,23,80,40,40,70,65,0,0,8,1,9986,8
210,20130308,24,80,40,40,70,61,0,0,10,10,9983,8
210,20130309,1,70,40,50,80,60,0,0,10,8,9983,8
210,20130309,2,80,40,30,70,59,0,0,10,5,9980,8
210,20130309,3,70,40,40,70,54,0,0,10,8,9975,8
210,20130309,4,70,40,40,70,51,0,0,10,7,9972,8
210,20130309,5,70,40,40,70,49,0,0,10,9,9969,8
210,20130309,6,70,40,40,70,49,0,0,10,11,9969,8
210,20130309,7,60,30,20,60,48,0,1,10,19,9972,8
210,20130309,8,60,30,40,50,47,0,6,10,10,9975,8
210,20130309,9,70,40,40,60,47,0,14,10,10,9978,8
210,20130309,10,70,30,30,50,48,0,17,10,17,9982,8
210,20130309,11,70,20,20,40,48,0,20,10,22,9985,8
210,20130309,12,110,10,10,30,51,0,22,10,16,9986,8
210,20130309,13,250,50,60,80,51,0,40,10,11,9985,8
210,20130309,14,250,60,50,80,49,0,38,10,9,9987,8
210,20130309,15,250,50,50,80,47,0,24,10,6,9988,8
210,20130309,16,260,50,50,80,45,0,14,10,7,9988,8
210,20130309,17,260,50,50,70,43,0,7,10,7,9990,8
210,20130309,18,250,50,50,70,41,0,0,10,8,9994,8
210,20130309,19,250,50,50,70,38,0,0,10,9,9997,8
210,20130309,20,350,30,20,60,39,0,0,10,9,9999,8
210,20130309,21,20,20,30,40,34,0,0,10,7,10001,8
210,20130309,22,20,30,30,40,22,0,0,10,7,10005,8
210,20130309,23,350,30,30,40,11,0,0,10,10,10007,8
210,20130309,24,360,30,30,50,7,0,0,10,8,10008,8
210,20130310,1,10,30,30,50,5,0,0,10,7,10012,8
210,20130310,2,10,30,30,50,5,0,0,10,7,10011,8
210,20130310,3,10,40,50,70,4,0,0,8,4,10010,8
210,20130310,4,20,50,50,80,3,0,0,4,2,10012,8
210,20130310,5,20,50,50,70,6,0,0,0,0,10014,8
210,20130310,6,20,50,50,90,5,0,0,0,0,10018,8
210,20130310,7,30,50,60,90,6,0,1,0,-1,10022,8
210,20130310,8,30,60,60,90,6,0,8,0,0,10028,8
210,20130310,9,30,60,70,100,5,0,17,0,0,10033,8
210,20130310,10,40,70,70,120,5,0,29,0,0,10036,8
210,20130310,11,30,70,70,110,5,0,37,0,0,10042,8
210,20130310,12,30,70,70,110,5,0,27,0,-1,10046,8
210,20130310,13,30,60,60,100,5,0,25,0,-1,10047,8
210,20130310,14,30,60,70,110,5,0,20,0,0,10049,8
210,20130310,15,30,70,80,110,4,0,18,0,0,10051,8
210,20130310,16,40,70,60,110,3,0,10,0,0,10052,8
210,20130310,17,50,60,60,110,5,0,9,0,0,10056,8
210,20130310,18,40,60,60,100,4,0,1,0,0,10065,8
210,20130310,19,40,60,60,100,2,0,0,0,0,10067,8
210,20130310,20,50,70,60,110,0,0,0,0,0,10068,8
210,20130310,21,60,70,70,110,-2,0,0,0,0,10072,8
210,20130310,22,70,70,60,110,-5,0,0,0,0,10074,8
210,20130310,23,70,50,50,110,-7,0,0,0,0,10078,8
210,20130310,24,50,60,80,110,-8,0,0,0,-1,10080,8
210,20130311,1,60,70,70,110,-10,0,0,0,-1,10082,8
210,20130311,2,60,70,70,120,-12,0,0,0,-1,10081,8
210,20130311,3,70,70,60,110,-14,0,0,0,-1,10080,8
210,20130311,4,60,60,60,110,-15,0,0,0,-1,10078,8
210,20130311,5,60,60,70,100,-14,0,0,0,-1,10081,7
210,20130311,6,70,70,60,110,-17,0,0,0,-1,10084,8
210,20130311,7,60,70,70,120,-18,0,3,0,-1,10087,8
210,20130311,8,70,70,70,130,-19,0,17,0,-1,10091,8
210,20130311,9,50,70,70,110,-21,0,19,0,-1,10092,8
210,20130311,10,60,70,70,120,-18,1,54,0,-1,10092,8
210,20130311,11,60,70,80,120,-18,1,77,0,-1,10090,8
210,20130311,12,50,80,90,130,-12,0,87,0,0,10088,8
210,20130311,13,60,90,90,130,-14,1,99,0,0,10087,7
210,20130311,14,60,90,90,150,-12,0,62,0,0,10086,8
210,20130311,15,60,80,80,140,-11,0,50,0,0,10085,7
210,20130311,16,60,80,70,140,-10,0,23,0,-1,10083,7
210,20130311,17,60,80,90,140,-10,0,9,0,-1,10084,8
210,20130311,18,60,80,90,130,-17,0,1,0,-1,10085,8
210,20130311,19,50,80,90,130,-14,0,0,0,-1,10086,8
210,20130311,20,50,80,90,140,-14,0,0,0,0,10088,7
210,20130311,21,50,80,90,130,-16,0,0,0,0,10087,7
210,20130311,22,50,80,90,130,-18,0,0,0,0,10088,7
210,20130311,23,50,80,90,140,-19,0,0,0,0,10087,8
210,20130311,24,50,80,80,140,-20,0,0,0,0,10088,8
210,20130312,1,50,80,70,130,-22,0,0,0,0,10086,8
210,20130312,2,50,80,80,120,-22,0,0,0,0,10081,7
210,20130312,3,60,80,80,120,-23,0,0,0,0,10078,7
210,20130312,4,50,90,90,140,-24,0,0,0,0,10074,8
210,20130312,5,50,90,90,130,-25,0,0,0,0,10075,8
210,20130312,6,50,90,90,130,-26,0,0,0,0,10077,8
210,20130312,7,50,80,80,140,-25,0,5,0,0,10080,8
210,20130312,8,50,80,100,140,-23,0,25,0,0,10082,7
210,20130312,9,60,90,80,140,-20,0,43,0,0,10083,8
210,20130312,10,60,90,80,140,-16,0,80,0,0,10084,7
210,20130312,11,60,90,90,140,-14,7,168,0,0,10083,7
210,20130312,12,40,90,90,130,-12,4,132,0,0,10080,0
210,20130312,13,50,80,80,120,-3,10,218,0,0,10075,0
210,20130312,14,40,80,70,110,9,10,198,0,0,10071,0
210,20130312,15,40,70,80,110,7,10,158,0,0,10069,0
210,20130312,16,40,70,80,110,6,10,108,0,0,10067,0
210,20130312,17,40,60,60,110,-1,10,51,0,0,10068,0
210,20130312,18,20,50,40,90,-11,0,7,0,0,10072,0
210,20130312,19,20,40,40,70,-19,0,0,0,0,10073,0
210,20130312,20,20,30,30,50,-25,0,0,0,0,10075,0
210,20130312,21,20,20,20,40,-26,0,0,0,0,10074,0
210,20130312,22,340,10,10,20,-32,0,0,0,0,10072,0
210,20130312,23,250,10,10,10,-45,0,0,0,0,10070,0
210,20130312,24,220,10,10,20,-46,0,0,0,0,10068,0
210,20130313,1,190,10,10,10,-45,0,0,0,0,10066,0
210,20130313,2,160,20,20,30,-38,0,0,0,0,10061,2
210,20130313,3,170,20,30,40,-33,0,0,0,0,10056,7
210,20130313,4,200,20,20,40,-25,0,0,0,0,10054,8
210,20130313,5,180,20,20,40,-21,0,0,0,0,10052,7
210,20130313,6,180,20,20,30,-23,0,0,7,1,10054,8
210,20130313,7,180,20,30,40,-23,0,4,0,-1,10054,7
210,20130313,8,210,20,20,40,-6,8,57,0,-1,10055,7
210,20130313,9,200,30,30,50,11,9,109,0,0,10057,7
210,20130313,10,250,20,20,40,19,1,65,0,-1,10062,8
210,20130313,11,330,30,40,70,33,5,147,0,-1,10066,4
210,20130313,12,350,40,40,60,41,10,196,0,0,10067,2
210,20130313,13,330,50,60,80,44,10,211,0,0,10070,0
210,20130313,14,330,60,60,80,46,10,198,0,0,10071,1
210,20130313,15,330,60,70,90,44,10,159,0,0,10072,0
210,20130313,16,350,60,60,90,37,10,110,0,0,10075,2
210,20130313,17,350,60,60,80,30,5,28,0,0,10082,0
210,20130313,18,340,40,30,80,16,2,5,0,0,10088,0
210,20130313,19,360,40,40,70,16,0,0,0,-1,10093,5
210,20130313,20,330,20,20,60,10,0,0,0,0,10096,3
210,20130313,21,290,40,30,80,6,0,0,0,0,10098,1
210,20130313,22,330,30,40,60,10,0,0,0,0,10098,2
210,20130313,23,320,50,50,80,20,0,0,0,-1,10097,2
210,20130313,24,310,60,60,100,18,0,0,0,-1,10097,3
210,20130314,1,310,60,60,100,24,0,0,0,0,10096,8
210,20130314,2,260,60,40,110,-1,0,0,0,-1,10092,7
210,20130314,3,20,50,40,90,6,0,0,4,2,10094,7
210,20130314,4,10,50,40,90,-10,0,0,0,0,10103,1
210,20130314,5,10,30,30,50,-16,0,0,0,0,10108,0
210,20130314,6,360,30,40,50,-12,0,0,0,0,10115,0
210,20130314,7,20,30,30,60,-6,7,23,0,0,10122,0
210,20130314,8,20,30,30,50,6,10,74,0,0,10130,0
210,20130314,9,40,30,40,50,12,9,104,0,0,10134,6
210,20130314,10,320,40,30,80,1,1,54,0,-1,10142,7
210,20130314,11,340,30,30,50,14,4,109,0,-1,10143,7
210,20130314,12,20,30,20,90,22,6,116,0,-1,10145,2
210,20130314,13,340,40,40,90,29,6,147,0,-1,10143,2
210,20130314,14,350,50,60,80,30,9,183,0,0,10144,5
210,20130314,15,350,60,60,80,27,10,159,0,0,10145,0
210,20130314,16,330,50,50,90,23,10,111,0,0,10147,0
210,20130314,17,330,40,40,60,13,10,54,0,0,10149,0
210,20130314,18,330,30,20,50,-3,2,8,0,0,10153,0
210,20130314,19,280,10,10,20,-12,0,0,0,0,10155,0
210,20130314,20,210,10,10,20,-20,0,0,0,0,10156,0
210,20130314,21,170,10,10,20,-25,0,0,0,0,10154,0
210,20130314,22,150,10,10,20,-29,0,0,0,0,10152,0
210,20130314,23,170,10,10,20,-27,0,0,0,0,10150,8
210,20130314,24,170,20,20,20,-22,0,0,0,0,10149,8
210,20130315,1,160,20,20,30,-12,0,0,0,0,10146,8
210,20130315,2,170,30,30,30,-12,0,0,0,0,10141,8
210,20130315,3,170,30,30,40,-10,0,0,0,0,10135,8
210,20130315,4,170,40,40,50,-7,0,0,0,0,10131,8
210,20130315,5,160,40,40,50,1,0,0,0,0,10128,8
210,20130315,6,160,50,50,70,2,0,0,0,0,10128,8
210,20130315,7,170,50,60,80,4,0,5,0,0,10126,7
210,20130315,8,180,50,50,80,12,0,36,0,0,10126,7
210,20130315,9,180,60,60,90,22,5,75,0,0,10125,7
210,20130315,10,190,60,70,100,16,0,55,0,-1,10126,7
210,20130315,11,180,60,60,100,11,0,45,9,4,10124,8
210,20130315,12,180,70,70,110,13,0,37,10,10,10121,8
210,20130315,13,180,70,70,110,12,0,34,10,8,10115,8
210,20130315,14,190,80,80,120,20,0,43,10,3,10111,8
210,20130315,15,190,70,70,110,23,0,35,6,2,10109,8
210,20130315,16,190,80,70,120,25,0,24,0,-1,10108,8
210,20130315,17,190,80,80,130,23,0,11,0,-1,10108,8
210,20130315,18,190,80,80,130,18,0,2,0,-1,10109,8
210,20130315,19,170,80,80,120,19,0,0,0,-1,10107,8
210,20130315,20,170,70,70,100,25,0,0,0,-1,10103,8
210,20130315,21,170,70,70,100,32,0,0,0,0,10097,8
210,20130315,22,170,80,80,110,36,0,0,0,-1,10092,8
210,20130315,23,180,70,70,100,40,0,0,0,-1,10089,8
210,20130315,24,180,80,80,150,31,0,0,8,3,10086,8
210,20130316,1,180,80,70,130,28,0,0,10,12,10081,8
210,20130316,2,170,70,70,110,34,0,0,9,4,10073,8
210,20130316,3,170,70,70,100,37,0,0,7,1,10067,8
210,20130316,4,170,70,70,100,39,0,0,0,-1,10063,8
210,20130316,5,170,80,80,110,38,0,0,0,0,10060,8
210,20130316,6,180,80,80,120,42,0,0,0,0,10060,8
210,20130316,7,180,80,80,130,47,0,8,0,0,10058,8
210,20130316,8,170,80,80,110,47,0,23,0,0,10058,8
210,20130316,9,170,90,90,130,49,0,42,0,-1,10058,8
210,20130316,10,170,90,90,130,54,0,60,0,-1,10055,8
210,20130316,11,170,100,90,140,64,0,95,0,-1,10052,8
210,20130316,12,170,100,100,150,70,0,104,0,0,10049,8
210,20130316,13,170,90,90,150,72,0,103,0,0,10041,8
210,20130316,14,160,90,80,140,70,0,88,0,0,10035,8
210,20130316,15,150,90,80,150,69,0,71,0,0,10028,8
210,20130316,16,150,70,70,140,70,0,45,0,0,10022,8
210,20130316,17,150,70,70,120,70,2,21,0,0,10018,8
210,20130316,18,150,70,70,120,66,0,4,0,0,10016,8
210,20130316,19,140,60,60,100,58,0,0,0,0,10013,8
210,20130316,20,140,60,70,100,52,0,0,0,0,10009,8
210,20130316,21,140,60,60,110,49,0,0,0,0,10005,8
210,20130316,22,150,50,40,80,47,0,0,0,0,10003,8
210,20130316,23,170,60,70,110,39,0,0,0,-1,10000,8
210,20130316,24,170,60,70,110,38,0,0,3,2,9997,8
210,20130317,1,150,50,50,110,41,0,0,3,1,9992,8
210,20130317,2,160,50,60,90,53,0,0,0,0,9985,8
210,20130317,3,140,50,40,90,48,0,0,0,0,9981,8
210,20130317,4,140,40,40,70,47,0,0,0,0,9978,7
210,20130317,5,140,40,40,70,48,0,0,0,0,9977,7
210,20130317,6,140,40,30,60,47,0,0,0,0,9976,8
210,20130317,7,140,40,40,60,47,0,4,0,0,9978,8
210,20130317,8,140,40,40,70,49,0,34,0,0,9975,8
210,20130317,9,150,50,50,80,55,0,59,0,0,9972,8
210,20130317,10,160,50,50,80,58,0,49,0,0,9969,8
210,20130317,11,160,50,50,80,70,1,85,0,0,9964,8
210,20130317,12,150,60,50,90,79,4,132,0,0,9959,8
210,20130317,13,150,50,40,90,88,1,96,0,0,9950,8
210,20130317,14,150,50,50,80,86,0,44,0,0,9944,8
210,20130317,15,130,50,50,80,82,0,45,0,0,9938,8
210,20130317,16,110,50,50,90,87,7,69,0,0,9930,8
210,20130317,17,110,60,60,90,77,2,35,0,0,9929,7
210,20130317,18,110,50,60,90,76,0,1,0,0,9925,8
210,20130317,19,120,60,60,90,73,0,0,0,-1,9922,8
210,20130317,20,120,70,70,120,60,0,0,0,0,9919,7
210,20130317,21,110,60,60,120,52,0,0,3,5,9914,8
210,20130317,22,110,60,60,90,51,0,0,0,-1,9911,8
210,20130317,23,120,60,40,90,49,0,0,3,1,9907,8
210,20130317,24,140,50,40,80,49,0,0,9,3,9905,8
210,20130318,1,140,30,30,60,49,0,0,8,3,9903,8
210,20130318,2,180,40,30,90,46,0,0,9,7,9900,8
210,20130318,3,200,40,50,70,45,0,0,0,-1,9899,8
210,20130318,4,190,50,40,90,36,0,0,0,-1,9900,8
210,20130318,5,210,40,30,70,39,0,0,6,2,9901,8
210,20130318,6,220,50,60,90,43,0,0,8,4,9907,8
210,20130318,7,220,70,60,110,40,0,3,7,2,9912,8
210,20130318,8,220,70,80,120,43,1,27,4,2,9918,7
210,20130318,9,210,60,60,100,55,9,81,0,0,9922,6
210,20130318,10,210,50,50,90,63,10,150,0,0,9922,2
210,20130318,11,210,40,50,70,78,10,188,0,0,9921,1
210,20130318,12,210,50,40,80,78,3,137,0,0,9924,8
210,20130318,13,190,50,50,70,66,0,60,4,1,9925,8
210,20130318,14,180,30,30,80,71,1,94,5,1,9923,7
210,20130318,15,210,30,30,60,77,2,75,0,-1,9924,7
210,20130318,16,300,30,30,50,61,0,36,0,-1,9926,7
210,20130318,17,20,20,20,40,57,2,18,0,0,9929,7
210,20130318,18,10,20,20,30,51,0,4,0,0,9932,7
210,20130318,19,50,30,30,50,44,0,0,0,0,9932,3
210,20130318,20,50,30,30,50,49,0,0,0,0,9933,6
210,20130318,21,70,30,40,50,51,0,0,0,0,9933,7
210,20130318,22,10,20,20,50,24,0,0,0,0,9935,5
210,20130318,23,40,20,20,30,27,0,0,0,0,9936,5
210,20130318,24,990,10,10,20,20,0,0,0,0,9937,7
210,20130319,1,70,10,10,30,11,0,0,0,0,9939,0
210,20130319,2,10,10,20,20,-3,0,0,0,0,9941,0
210,20130319,3,40,20,20,30,8,0,0,0,0,9943,0
210,20130319,4,120,10,10,20,3,0,0,0,0,9948,8
210,20130319,5,120,20,20,40,14,0,0,0,0,9952,0
210,20130319,6,110,20,20,30,14,0,0,0,0,9957,0
210,20130319,7,80,20,20,40,15,2,16,0,0,9962,5
210,20130319,8,70,30,30,40,17,0,39,0,0,9967,7
210,20130319,9,80,40,40,60,28,0,65,0,0,9972,8
210,20130319,10,80,30,30,50,40,0,54,0,0,9977,8
210,20130319,11,70,40,40,60,46,2,94,0,0,9981,8
210,20130319,12,100,40,40,70,63,2,108,0,0,9983,7
210,20130319,13,90,40,40,60,62,0,65,0,0,9984,8
210,20130319,14,90,40,40,70,58,0,22,0,0,9986,8
210,20130319,15,110,40,30,60,57,0,19,0,-1,9987,8
210,20130319,16,80,30,30,40,61,0,22,0,-1,9988,8
210,20130319,17,70,50,40,80,52,0,14,0,0,9992,8
210,20130319,18,70,40,40,70,49,0,1,0,0,9997,7
210,20130319,19,70,50,50,90,40,0,0,0,-1,10002,8
210,20130319,20,80,50,50,90,37,0,0,0,-1,10007,8
210,20130319,21,80,50,50,80,25,0,0,9,5,10011,8
210,20130319,22,80,50,50,80,23,0,0,10,5,10014,8
210,20130319,23,80,40,40,60,23,0,0,10,2,10016,8
210,20130319,24,80,50,50,80,24,0,0,0,-1,10014,8
210,20130320,1,70,50,50,70,18,0,0,0,0,10014,8
210,20130320,2,70,50,40,70,15,0,0,0,0,10014,5
210,20130320,3,80,40,40,60,12,0,0,0,0,10014,7
210,20130320,4,80,40,40,70,10,0,0,0,0,10014,5
210,20130320,5,70,50,50,80,11,0,0,0,0,10018,8
210,20130320,6,60,50,70,100,10,0,0,0,0,10020,8
210,20130320,7,60,60,70,100,12,0,10,0,0,10022,8
210,20130320,8,60,60,50,100,15,0,40,0,0,10026,8
210,20130320,9,60,70,70,110,14,0,49,0,0,10030,8
210,20130320,10,70,80,80,120,11,0,64,0,0,10035,8
210,20130320,11,60,70,60,110,19,0,95,0,0,10044,8
210,20130320,12,50,70,80,100,23,2,134,0,0,10050,8
210,20130320,13,30,60,70,100,28,5,150,0,0,10057,7
210,20130320,14,30,60,60,90,24,5,140,0,0,10067,4
210,20130320,15,30,50,50,90,22,2,89,0,0,10075,8
210,20130320,16,30,40,40,70,20,0,47,0,0,10084,8
210,20130320,17,30,40,40,60,17,2,25,0,0,10094,8
210,20130320,18,10,50,50,70,10,0,3,0,-1,10109,8
210,20130320,19,30,50,40,70,7,0,0,0,0,10123,8
210,20130320,20,20,40,40,70,7,0,0,0,0,10131,8
210,20130320,21,40,40,30,70,5,0,0,0,0,10138,8
210,20130320,22,30,30,30,50,6,0,0,0,0,10145,8
210,20130320,23,990,20,10,50,5,0,0,0,0,10155,8
210,20130320,24,310,10,10,20,5,0,0,0,0,10160,8
210,20130321,1,20,20,10,20,2,0,0,0,0,10158,6
210,20130321,2,990,10,10,20,-2,0,0,0,0,10162,8
210,20130321,3,240,20,20,20,-14,0,0,0,0,10166,1
210,20130321,4,170,10,10,20,-16,0,0,0,0,10172,7
210,20130321,5,130,10,10,10,-5,0,0,0,0,10172,8
210,20130321,6,0,10,0,20,-3,0,1,0,0,10176,8
210,20130321,7,180,10,10,10,2,5,16,0,0,10179,8
210,20130321,8,0,0,0,10,18,3,52,0,0,10184,2
210,20130321,9,990,10,10,20,32,10,152,0,0,10188,7
210,20130321,10,260,20,10,30,29,0,57,0,0,10191,7
210,20130321,11,330,30,30,50,28,4,127,0,0,10193,7
210,20130321,12,330,20,30,50,37,7,183,0,0,10195,8
210,20130321,13,320,30,30,50,36,3,129,0,0,10196,4
210,20130321,14,340,30,30,60,48,5,149,0,0,10195,1
210,20130321,15,320,30,30,60,49,10,184,0,0,10194,7
210,20130321,16,50,30,20,60,39,5,96,0,0,10191,8
210,20130321,17,60,30,30,50,35,3,28,0,0,10194,7
210,20130321,18,70,30,20,50,25,3,8,0,0,10196,1
210,20130321,19,70,30,40,60,17,0,0,0,0,10198,0
210,20130321,20,70,30,30,50,11,0,0,0,0,10202,0
210,20130321,21,70,40,40,60,7,0,0,0,0,10203,3
210,20130321,22,80,40,30,60,3,0,0,0,0,10205,0
210,20130321,23,80,40,50,80,-1,0,0,0,0,10204,0
210,20130321,24,70,40,40,60,-8,0,0,0,0,10204,0
210,20130322,1,70,40,30,60,-11,0,0,0,0,10202,0
210,20130322,2,70,50,50,80,-13,0,0,0,0,10194,0
210,20130322,3,70,40,40,80,-16,0,0,0,0,10193,0
210,20130322,4,80,40,40,70,-19,0,0,0,0,10191,0
210,20130322,5,80,50,40,80,-21,0,0,0,0,10189,1
210,20130322,6,80,50,60,90,-21,0,1,0,0,10188,4
210,20130322,7,80,60,60,90,-14,8,26,0,0,10188,0
210,20130322,8,90,60,60,110,-4,10,76,0,0,10185,0
210,20130322,9,90,70,70,120,5,8,117,0,0,10182,5
210,20130322,10,90,80,80,120,16,8,158,0,0,10174,5
210,20130322,11,90,80,80,140,29,3,138,0,0,10170,1
210,20130322,12,90,80,90,130,38,8,208,0,0,10161,1
210,20130322,13,100,90,80,150,38,4,156,0,0,10156,1
210,20130322,14,90,80,90,140,41,9,138,0,0,10150,7
210,20130322,15,100,80,70,140,38,5,102,0,0,10149,7
210,20130322,16,100,80,90,130,31,0,42,0,0,10148,7
210,20130322,17,90,80,90,140,23,0,22,0,0,10147,7
210,20130322,18,80,90,80,140,14,0,5,0,0,10148,7
210,20130322,19,90,90,90,140,12,0,0,0,0,10149,7
210,20130322,20,90,80,80,140,10,0,0,0,0,10149,7
210,20130322,21,80,90,90,150,8,0,0,0,0,10147,7
210,20130322,22,90,90,90,160,4,0,0,0,0,10148,3
210,20130322,23,80,90,80,150,2,0,0,0,0,10148,5
210,20130322,24,80,90,90,150,2,0,0,0,0,10150,7
210,20130323,1,90,90,80,150,1,0,0,0,0,10153,7
210,20130323,2,90,90,90,150,1,0,0,0,0,10146,6
210,20130323,3,90,90,90,150,1,0,0,0,0,10142,7
210,20130323,4,90,90,100,160,-1,0,0,0,0,10140,4
210,20130323,5,90,100,90,160,-3,0,0,0,0,10142,8
210,20130323,6,90,90,90,160,-4,0,0,0,0,10145,7
210,20130323,7,90,100,100,160,-5,0,10,0,0,10147,7
210,20130323,8,90,100,110,150,-6,0,38,0,0,10147,7
210,20130323,9,90,100,90,180,0,2,83,0,0,10147,7
210,20130323,10,90,100,90,160,-1,0,98,0,0,10150,7
210,20130323,11,90,100,90,160,8,8,180,0,0,10151,7
210,20130323,12,90,100,100,160,15,7,183,0,0,10149,7
210,20130323,13,90,100,90,150,16,0,83,0,0,10149,7
210,20130323,14,80,90,90,140,19,1,107,0,0,10147,7
210,20130323,15,90,90,90,140,18,0,67,0,0,10143,7
210,20130323,16,90,90,80,140,16,0,48,0,0,10142,6
210,20130323,17,80,90,90,160,11,3,35,0,0,10145,8
210,20130323,18,90,90,90,160,5,0,4,0,0,10152,8
210,20130323,19,90,90,90,150,2,0,0,0,0,10156,8
210,20130323,20,80,90,80,160,-3,0,0,0,0,10158,8
210,20130323,21,80,90,90,160,-8,0,0,0,0,10160,8
210,20130323,22,80,90,90,150,-13,0,0,0,0,10163,8
210,20130323,23,80,90,90,150,-18,0,0,0,0,10164,8
210,20130323,24,90,90,100,150,-21,0,0,0,0,10161,8
210,20130324,1,80,90,100,160,-24,0,0,0,0,10158,8
210,20130324,2,80,80,80,150,-26,0,0,0,0,10157,8
210,20130324,3,80,90,90,160,-28,0,0,0,0,10154,8
210,20130324,4,80,90,90,160,-31,0,0,0,0,10156,8
210,20130324,5,80,90,80,160,-30,0,0,0,0,10159,4
210,20130324,6,80,80,80,140,-32,0,1,0,0,10161,4
210,20130324,7,80,80,80,140,-30,0,17,0,0,10161,6
210,20130324,8,80,90,90,150,-24,0,37,0,0,10162,7
210,20130324,9,80,90,90,170,-19,6,92,0,0,10161,7
210,20130324,10,80,100,100,160,-8,4,133,0,0,10160,7
210,20130324,11,80,100,100,170,2,0,115,0,0,10159,8
210,20130324,12,80,90,100,160,9,0,112,0,0,10156,8
210,20130324,13,80,100,110,170,14,3,138,0,0,10152,7
210,20130324,14,80,100,100,160,18,0,74,0,0,10150,8
210,20130324,15,80,100,100,160,22,0,51,0,0,10147,8
210,20130324,16,80,90,80,160,22,0,31,0,0,10147,8
210,20130324,17,80,90,90,150,21,0,17,0,0,10149,7
210,20130324,18,80,90,90,160,16,0,6,0,0,10154,7
210,20130324,19,80,80,80,140,13,0,0,0,0,10159,8
210,20130324,20,80,90,90,160,8,0,0,0,0,10163,8
210,20130324,21,80,80,70,140,3,0,0,0,0,10167,8
210,20130324,22,80,80,90,140,-1,0,0,0,0,10168,8
210,20130324,23,80,80,80,130,-5,0,0,0,0,10166,8
210,20130324,24,80,70,60,120,-8,0,0,0,0,10168,8
210,20130325,1,80,80,70,120,-11,0,0,0,0,10166,8
210,20130325,2,80,70,70,110,-15,0,0,0,0,10166,8
210,20130325,3,80,70,80,120,-16,0,0,0,0,10164,8
210,20130325,4,70,70,70,120,-19,0,0,0,0,10164,8
210,20130325,5,70,80,70,130,-20,0,0,0,0,10166,8
210,20130325,6,70,70,80,130,-20,0,1,0,0,10170,8
210,20130325,7,80,80,80,150,-19,0,19,0,0,10169,8
210,20130325,8,70,80,100,150,-16,3,61,0,0,10170,4
210,20130325,9,70,90,100,150,-6,10,96,0,0,10169,8
210,20130325,10,70,100,100,150,5,10,153,0,0,10165,8
210,20130325,11,70,90,90,140,18,10,211,0,0,10160,8
210,20130325,12,60,100,110,160,20,8,209,0,0,10154,1
210,20130325,13,70,100,100,160,30,8,185,0,0,10151,7
210,20130325,14,70,100,100,160,30,10,181,0,0,10145,2
210,20130325,15,70,100,100,160,37,10,195,0,0,10142,4
210,20130325,16,70,90,90,150,35,10,155,0,0,10140,7
210,20130325,17,70,90,90,150,28,10,76,0,0,10142,7
210,20130325,18,80,80,70,150,23,5,15,0,0,10146,8
210,20130325,19,80,70,70,120,18,0,0,0,0,10149,8
210,20130325,20,80,70,80,130,11,0,0,0,0,10152,8
210,20130325,21,70,70,60,120,4,0,0,0,0,10153,5
210,20130325,22,80,60,60,110,1,0,0,0,0,10155,8
210,20130325,23,80,70,70,110,-3,0,0,0,0,10154,7
210,20130325,24,70,70,70,100,-8,0,0,0,0,10153,0
210,20130326,1,70,60,60,110,-12,0,0,0,0,10152,4
210,20130326,2,70,60,60,100,-15,0,0,0,0,10150,3
210,20130326,3,70,60,70,100,-19,0,0,0,0,10150,1
210,20130326,4,70,70,70,110,-21,0,0,0,0,10151,8
210,20130326,5,70,70,60,100,-23,0,0,0,0,10153,8
210,20130326,6,70,70,70,110,-27,0,2,0,0,10155,6
210,20130326,7,70,70,70,110,-24,5,28,0,0,10155,7
210,20130326,8,70,70,70,110,-20,0,46,0,0,10154,4
210,20130326,9,80,70,80,130,-3,6,116,0,0,10153,0
210,20130326,10,70,90,90,150,12,9,180,0,0,10148,0
210,20130326,11,80,90,90,140,23,10,231,0,0,10145,0
210,20130326,12,80,90,90,140,30,10,247,0,0,10143,0
210,20130326,13,80,80,80,150,42,10,244,0,0,10138,0
210,20130326,14,90,80,80,130,43,10,223,0,0,10134,0
210,20130326,15,70,80,70,120,48,10,184,0,0,10132,0
210,20130326,16,70,80,80,130,46,10,132,0,0,10128,0
210,20130326,17,80,70,70,120,39,10,73,0,0,10128,0
210,20130326,18,80,60,50,120,30,5,19,0,0,10133,0
210,20130326,19,80,50,40,80,21,0,0,0,0,10138,0
210,20130326,20,80,50,50,80,14,0,0,0,0,10141,0
210,20130326,21,70,50,40,80,8,0,0,0,0,10143,0
210,20130326,22,80,40,40,70,1,0,0,0,0,10142,0
210,20130326,23,70,40,40,60,-4,0,0,0,0,10141,0
210,20130326,24,70,50,50,70,-12,0,0,0,0,10139,0
210,20130327,1,70,50,50,80,-15,0,0,0,0,10137,0
210,20130327,2,70,40,40,70,-19,0,0,0,0,10134,0
210,20130327,3,70,50,50,80,-22,0,0,0,0,10131,0
210,20130327,4,70,40,50,70,-27,0,0,0,0,10129,0
210,20130327,5,70,40,40,70,-30,0,0,0,0,10130,0
210,20130327,6,70,40,40,70,-30,0,3,0,0,10131,0
210,20130327,7,70,40,40,70,-20,10,38,0,0,10133,0
210,20130327,8,80,60,60,90,-9,10,97,0,0,10132,0
210,20130327,9,90,60,60,90,4,10,155,0,0,10132,0
210,20130327,10,80,60,70,100,11,10,202,0,0,10129,0
210,20130327,11,90,60,60,100,22,10,232,0,0,10125,0
210,20130327,12,70,60,60,100,31,10,246,0,0,10119,0
210,20130327,13,70,70,70,100,41,10,241,0,0,10113,0
210,20130327,14,60,60,70,110,49,10,219,0,0,10109,0
210,20130327,15,90,60,60,110,54,10,179,0,0,10105,0
210,20130327,16,80,60,50,110,56,10,129,0,0,10106,0
210,20130327,17,70,60,60,90,51,10,70,0,0,10104,0
210,20130327,18,70,50,40,80,39,5,17,0,0,10110,0
210,20130327,19,70,40,40,60,29,0,0,0,0,10114,0
210,20130327,20,80,30,30,60,20,0,0,0,0,10118,0
210,20130327,21,70,30,30,40,8,0,0,0,0,10119,0
210,20130327,22,70,30,40,50,10,0,0,0,0,10119,0
210,20130327,23,70,40,40,70,6,0,0,0,0,10118,0
210,20130327,24,70,40,40,60,-1,0,0,0,0,10117,0
210,20130328,1,60,40,50,70,-4,0,0,0,0,10117,0
210,20130328,2,60,50,50,80,-7,0,0,0,0,10114,0
210,20130328,3,60,50,40,80,-11,0,0,0,0,10114,0
210,20130328,4,60,50,50,80,-15,0,0,0,0,10115,0
210,20130328,5,50,40,50,70,-19,0,0,0,0,10115,0
210,20130328,6,50,40,40,60,-17,0,3,0,0,10116,0
210,20130328,7,60,40,40,70,-7,10,38,0,0,10116,0
210,20130328,8,50,50,50,90,9,10,94,0,0,10115,0
210,20130328,9,70,70,80,110,14,10,148,0,0,10109,0
210,20130328,10,70,70,60,110,15,10,178,0,0,10110,1
210,20130328,11,60,60,60,100,28,9,200,0,0,10108,3
210,20130328,12,70,60,50,100,37,9,222,0,0,10105,6
210,20130328,13,60,60,60,100,31,2,141,0,0,10102,7
210,20130328,14,50,60,70,100,27,0,78,0,0,10100,7
210,20130328,15,60,60,60,100,23,0,72,0,0,10101,7
210,20130328,16,40,60,50,80,20,0,48,0,0,10102,7
210,20130328,17,30,60,60,90,11,0,25,0,0,10104,8
210,20130328,18,40,60,50,90,7,0,10,0,0,10109,8
210,20130328,19,30,40,40,70,3,0,0,0,0,10112,7
210,20130328,20,20,40,40,70,-4,0,0,0,-1,10113,6
210,20130328,21,10,40,40,60,-5,0,0,0,-1,10113,8
210,20130328,22,10,30,30,50,-10,0,0,0,0,10113,7
210,20130328,23,10,30,30,50,-18,0,0,0,0,10111,3
210,20130328,24,10,30,30,40,-20,0,0,0,0,10109,2
210,20130329,1,20,20,20,40,-30,0,0,0,0,10106,0
210,20130329,2,10,20,20,30,-28,0,0,0,0,10104,6
210,20130329,3,50,20,10,30,-32,0,0,0,0,10103,0
210,20130329,4,340,10,10,20,-40,0,0,0,0,10103,0
210,20130329,5,360,10,20,20,-52,0,0,0,0,10104,1
210,20130329,6,40,20,20,30,-34,0,3,0,0,10105,1
210,20130329,7,10,10,10,20,-19,7,33,0,-1,10106,1
210,20130329,8,30,10,20,30,-4,10,81,0,0,10104,0
210,20130329,9,40,20,20,40,10,10,142,0,0,10105,2
210,20130329,10,20,20,20,50,17,5,137,0,0,10102,8
210,20130329,11,340,30,30,50,14,0,49,0,0,10100,8
210,20130329,12,350,30,30,60,20,0,93,0,-1,10098,8
210,20130329,13,350,30,40,70,18,5,156,0,-1,10095,7
210,20130329,14,350,30,20,50,23,0,79,0,-1,10093,8
210,20130329,15,990,30,10,70,3,0,19,9,6,10093,8
210,20130329,16,360,20,20,50,12,0,25,0,-1,10091,6
210,20130329,17,20,40,40,80,10,5,42,0,-1,10091,7
210,20130329,18,10,30,30,70,7,0,8,0,-1,10092,7
210,20130329,19,10,30,20,40,4,0,0,0,-1,10092,7
210,20130329,20,30,20,20,30,-9,0,0,0,0,10094,1
210,20130329,21,30,30,20,40,-14,0,0,0,0,10094,0
210,20130329,22,50,20,20,30,-18,0,0,0,0,10092,1
210,20130329,23,20,10,20,20,-24,0,0,0,0,10091,0
210,20130329,24,40,10,10,20,-27,0,0,0,0,10091,0
210,20130330,1,40,20,20,20,-28,0,0,0,0,10088,4
210,20130330,2,20,10,20,20,-27,0,0,0,0,10087,4
210,20130330,3,40,20,10,30,-27,0,0,0,0,10087,5
210,20130330,4,30,10,20,30,-20,0,0,0,0,10087,8
210,20130330,5,30,20,20,20,-15,0,0,0,-1,10090,8
210,20130330,6,40,10,10,30,-13,0,2,0,-1,10092,8
210,20130330,7,60,20,30,40,-3,0,17,0,0,10094,8
210,20130330,8,30,30,40,50,5,0,51,0,0,10095,8
210,20130330,9,30,40,50,70,17,4,98,0,0,10096,3
210,20130330,10,60,40,50,70,30,8,174,0,0,10096,7
210,20130330,11,20,50,60,70,25,6,145,0,0,10098,8
210,20130330,12,30,40,30,80,35,2,105,0,-1,10100,7
210,20130330,13,10,50,60,90,34,2,90,0,-1,10099,8
210,20130330,14,350,60,70,90,32,4,99,0,-1,10101,8
210,20130330,15,360,60,70,120,26,0,53,0,0,10105,8
210,20130330,16,10,70,70,100,27,3,62,0,-1,10105,7
210,20130330,17,10,70,70,100,24,8,69,0,-1,10108,1
210,20130330,18,20,70,70,110,9,5,20,0,-1,10115,7
210,20130330,19,20,50,30,100,5,0,0,0,-1,10119,7
210,20130330,20,20,30,40,50,2,0,0,0,-1,10124,0
210,20130330,21,10,40,30,50,-5,0,0,0,0,10129,0
210,20130330,22,20,30,30,50,-2,0,0,0,0,10131,8
210,20130330,23,20,30,30,50,-4,0,0,0,0,10134,8
210,20130330,24,10,30,30,40,-12,0,0,0,0,10135,0
210,20130331,1,20,30,30,40,-16,0,0,0,0,10135,1
210,20130331,2,20,20,20,30,-11,0,0,0,0,10136,8
210,20130331,3,10,20,20,30,-2,0,0,0,0,10135,8
210,20130331,4,20,20,30,40,1,0,0,0,0,10137,8
210,20130331,5,10,20,20,40,1,0,0,0,-1,10138,8
210,20130331,6,30,20,30,40,1,0,2,0,0,10140,8
210,20130331,7,20,20,20,40,6,0,23,0,0,10144,8
210,20130331,8,40,30,40,60,22,7,81,0,0,10145,3
210,20130331,9,50,50,50,80,21,7,115,0,0,10148,7
210,20130331,10,50,50,50,80,34,8,179,0,-1,10148,6
210,20130331,11,60,40,50,70,30,4,142,0,0,10148,4
210,20130331,12,30,40,50,70,39,5,142,0,0,10147,7
210,20130331,13,30,50,60,80,38,0,77,0,0,10144,7
210,20130331,14,350,60,60,80,31,0,82,0,0,10142,7
210,20130331,15,10,60,50,80,32,0,45,0,0,10141,7
210,20130331,16,70,50,40,80,31,2,62,0,-1,10140,8
210,20130331,17,50,30,40,60,31,0,23,0,-1,10139,7
210,20130331,18,40,30,30,60,14,3,10,0,0,10141,4
210,20130331,19,50,20,20,50,4,0,0,0,0,10144,0
210,20130331,20,30,20,30,30,-6,0,0,0,0,10145,1
210,20130331,21,50,30,30,30,3,0,0,0,0,10145,8
210,20130331,22,40,30,20,40,8,0,0,0,0,10144,8
210,20130331,23,60,30,40,50,10,0,0,0,0,10142,8
210,20130331,24,60,30,30,50,-5,0,0,0,0,10141,0
